Frequency (Hz),Channel 1 Magnitude (dB),Channel 2 Magnitude (dB),Channel 2 Phase (deg)
1000.000000000001,0.02017708505081793,-27.89017621927618,86.67391609486562
1006.931668851806,0.02038273212780734,-27.83825513853333,86.66317470912969
1013.91138573668,0.02029054867565015,-27.76685516551247,86.64897604585997
1020.939483707681,0.019819552629521,-27.7151023916824,86.63279105743591
1028.016298126475,0.02006663265818245,-27.65077149145841,86.62374839525162
1035.142166679345,0.01960593855331345,-27.60212921317987,86.61455163361939
1042.317429393305,0.02005312309377788,-27.52795557723086,86.58044466856151
1049.542428652323,0.02040537598605455,-27.46497546779093,86.56082182904893
1056.81750921366,0.01968295772976135,-27.41387623428126,86.54934023485146
1064.143018224318,0.02037007186958891,-27.35494103236639,86.46885013584352
1071.519305237607,0.01949265954427279,-27.29471733980988,86.5351238817193
1078.94672222983,0.02014283325047598,-27.23636050056413,86.47677089079478
1086.425623617067,0.02081316209909936,-27.17551651053433,86.44805027153927
1093.956366272095,0.01991287194571824,-27.11806602834638,86.40110790162004
1101.539309541416,0.01991494388793343,-27.05189539843537,86.45057887887388
1109.174815262402,0.01988225883123174,-26.99855764804062,86.42974448441355
1116.863247780562,0.01988085327548117,-26.93742893223702,86.39452833237215
1124.604973966928,0.01996873010646421,-26.87688871990762,86.36086340486473
1132.400363235558,0.01950675863937773,-26.81724273171538,86.35582759864468
1140.24978756117,0.02065639752711755,-26.75526614931037,86.34083050779132
1148.153621496884,0.02063838305608615,-26.70765526098536,86.31989601893542
1156.1122421921,0.02012973450873746,-26.64337524196136,86.28757421468373
1164.126029410492,0.02025962843330708,-26.58565181997309,86.23121887957615
1172.195365548132,0.01995639888630568,-26.52459728574388,86.23481114852569
1180.320635651731,0.01943919816625306,-26.46533733374087,86.28108170787618
1188.50222743702,0.02026820655376189,-26.40272519124947,86.21974431291508
1196.740531307244,0.01976627162099127,-26.3389660283045,86.2121619628137
1205.035940371799,0.01971321248178731,-26.28154280699869,86.21664730999601
1213.388850464979,0.0198593977138883,-26.22330934249474,86.14801019764262
1221.799660164874,0.02016750955654792,-26.16871985579125,86.15131020656601
1230.268770812382,0.01970248820357319,-26.10315094733126,86.13190771391106
1238.79658653037,0.0195879031215181,-26.04414819379148,86.08591010368845
1247.383514242945,0.02010966248943335,-25.98581927908843,86.09819189624331
1256.029963694877,0.0200185613081092,-25.92790645426228,86.04576322803439
1264.736347471152,0.01926174318050924,-25.86967216721444,86.03547871714156
1273.503081016663,0.01967648380251398,-25.80764127231409,86.04374061854071
1282.330582656023,0.0200339402403167,-25.75210972054334,86.03860410331026
1291.219273613536,0.01997981416389712,-25.69030959287742,85.98837617080613
1300.169578033291,0.02008166660950026,-25.6394405414247,85.99140511982786
1309.181922999408,0.02031422900247812,-25.57509936652504,85.9248425085807
1318.256738556409,0.01934460146311188,-25.51745364359226,85.95468594554765
1327.394457729741,0.01961148727005001,-25.46349800604652,85.92006119720337
1336.595516546443,0.01948430605479401,-25.39488414486125,85.88738375513772
1345.86035405595,0.01984270595124821,-25.33961467987428,85.8744201497417
1355.189412351038,0.02004614032580357,-25.28558664253333,85.82103288418786
1364.583136588927,0.01944499872676903,-25.21609660971118,85.83436282830769
1374.041975012516,0.01931619671261084,-25.16363255539728,85.84570723915121
1383.566378971783,0.01972717880231732,-25.113762853673,85.7895613965083
1393.156802945305,0.01929284852488254,-25.05418849234868,85.76884784449669
1402.81370456196,0.01958039403132075,-24.98963544283257,85.73673613149944
1412.537544622755,0.01966289440611433,-24.93310405023091,85.72853759062852
1422.328787122821,0.01942691875838867,-24.87889878846207,85.69070287740882
1432.187899273545,0.0190181477373801,-24.81929835984015,85.67217780549322
1442.115351524871,0.0190438712037613,-24.76119107660454,85.66705529384751
1452.111617587743,0.01920429228300377,-24.70450110225216,85.60521339591024
1462.17717445672,0.01876417352192938,-24.6440198577969,85.59142939949515
1472.312502432721,0.01982993055790111,-24.58548986736873,85.55284901321743
1482.518085145956,0.01952643190857098,-24.52371146035959,85.56907343685559
1492.794409578997,0.01960175277179472,-24.46556631130267,85.51123006792807
1503.141966090022,0.01834487237475822,-24.40708878930301,85.48675747444216
1513.56124843621,0.01945020137654626,-24.34869026635406,85.457111050843
1524.052753797292,0.01899119970961746,-24.29032629221602,85.43581869842876
1534.616982799296,0.01930813304973036,-24.22424439447995,85.42988288416279
1545.254439538414,0.0190573901857437,-24.17019207868425,85.39553799853377
1555.965631605077,0.01923637856275261,-24.11240048184841,85.3845785240598
1566.75107010815,0.01883190742165236,-24.05219377089659,85.32997934896741
1577.61126969935,0.01916587107251064,-23.98872858259059,85.31706998903448
1588.546748597779,0.01874232316798397,-23.93365362562053,85.3134206344626
1599.558028614671,0.01855950161884385,-23.86859800852108,85.30566953919701
1610.645635178272,0.01916776344808058,-23.8130021378409,85.25817766208183
1621.810097358931,0.01851926970003464,-23.75261542519103,85.22443138226292
1633.051947894334,0.01912086541692214,-23.699304521497,85.20526508290158
1644.371723214932,0.01860379013146511,-23.63554833481149,85.18761682171117
1655.769963469529,0.01869816473121307,-23.57972843937995,85.16483489229208
1667.247212551064,0.01888812351017776,-23.51701678318431,85.14300013983251
1678.804018122561,0.01876769931804833,-23.45780652414199,85.12918264022959
1690.440931643265,0.01883236416897848,-23.39839991387728,85.03050555604185
1702.158508394952,0.01800873089512237,-23.33989604644004,85.03567136267725
1713.957307508427,0.01873806164539073,-23.27755234800806,85.01911989216569
1725.837891990204,0.01895637277445955,-23.21759714452467,85.0155001384037
1737.800828749376,0.01768525699882802,-23.15979544927027,85.00217569497308
1749.846688624658,0.01775364614706717,-23.09620525548697,84.95567997171054
1761.976046411631,0.01770205511468124,-23.0416357243684,84.92517835963315
1774.189480890166,0.01793424901830953,-22.97871978157382,84.91314891232048
1786.487574852052,0.01897470496013787,-22.92270086897751,84.874822287623
1798.870915128789,0.01747324708413121,-22.86753905748444,84.83933344333548
1811.340092619604,0.01758559520612425,-22.8067879540254,84.80429490207993
1823.895702319639,0.01785598016892305,-22.74436275040761,84.75092605712086
1836.538343348347,0.01725834760873849,-22.69077546158672,84.74398006661318
1849.26861897808,0.01825510478042263,-22.63426401735544,84.69427929003345
1862.087136662869,0.01791175127354325,-22.57676266412645,84.67918769590671
1874.994508067419,0.01797874612137695,-22.5111914722592,84.66501236190831
1887.991349096294,0.01815954740813826,-22.45092068557439,84.64273701903784
1901.078279923302,0.0180219779802168,-22.39948607880762,84.5852473177888
1914.255925021088,0.01721447265004065,-22.33697478740689,84.56735063461447
1927.524913190937,0.01773665939052469,-22.28146300689752,84.54884802918804
1940.885877592779,0.01725245527145789,-22.22238652873332,84.50452577879993
1954.339455775396,0.01681299672797022,-22.15948047772633,84.48088145129861
1967.886289706847,0.01749503621369145,-22.10382485023224,84.47322252701997
1981.527025805099,0.01776891245050348,-22.04561590651292,84.41899563249433
1995.262314968881,0.01714459392963262,-21.98949019912703,84.40894751828526
2009.09281260873,0.01760253766901526,-21.92794165523365,84.36776230750849
2023.019178678274,0.01746877641607757,-21.86950682199067,84.30966592680035
2037.042077705719,0.01689427954686709,-21.80985291680938,84.31620308230487
2051.162178825567,0.0173932787005375,-21.74946224282514,84.25798213118397
2065.380155810531,0.01676321006059197,-21.69616042004309,84.21703335433799
2079.696687103698,0.01697473765682246,-21.63468061865624,84.19211026089249
2094.112455850894,0.01725727094033784,-21.57722039788505,84.18497184472163
2108.628149933291,0.01673367934529703,-21.51674019603436,84.13378603382766
2123.244462000221,0.01664809268505204,-21.45897720381231,84.08899036865631
2137.962089502235,0.01674803707675813,-21.39965505654349,84.06775687457196
2152.781734724374,0.01598767080160038,-21.3425299421755,84.03463845950434
2167.704104819696,0.01686816187006037,-21.28051725014455,84.00087551490134
2182.729911843003,0.01675468973220605,-21.22203934699523,83.98035104602658
2197.859872784828,0.0163783535416321,-21.1626489993284,83.93914727301316
2213.094709605639,0.01673935286205024,-21.10307414960043,83.90748714972206
2228.435149270305,0.01609669306310274,-21.04122711552264,83.87326627442928
2243.881923782768,0.01680910667072269,-20.98542521561831,83.81839230615182
2259.43577022098,0.017062713528094,-20.92536164549442,83.80256952272711
2275.097430772072,0.01577343974901056,-20.86825942412081,83.76105297698973
2290.867652767774,0.01544064364710374,-20.8072030223956,83.74580708039225
2306.747188720071,0.01620382739426005,-20.74809125985347,83.69071124103402
2322.73679635711,0.01596592319275562,-20.6903631803224,83.63136067239998
2338.837238659356,0.01624150024755111,-20.63530576412015,83.61375624426262
2355.049283896011,0.01551079375537109,-20.57605178495591,83.59079235644683
2371.373705661657,0.01657602501525901,-20.51420828109872,83.53471816982142
2387.811282913181,0.01542316834998924,-20.45659805981252,83.50462852307257
2404.362800006935,0.0152345686636699,-20.39783824197274,83.47347094991841
2421.02904673618,0.01572746635567464,-20.33848030695032,83.43149249251346
2437.810818368755,0.01680512482738672,-20.27850074628801,83.39780005205932
2454.708915685034,0.01525967473917384,-20.21881152540515,83.35563997326454
2471.724145016132,0.01565622265349483,-20.16083333325792,83.3012627392313
2488.857318282393,0.01639204735968086,-20.10879455608228,83.27441207510023
2506.109253032116,0.01497810408619007,-20.04681480270127,83.24572467212819
2523.480772480578,0.01608307825197728,-19.98624458211155,83.20670308024796
2540.972705549306,0.01448397175053322,-19.9294704485303,83.1629330528046
2558.585886905648,0.01595476263526707,-19.87082980523413,83.11723549007456
2576.321157002578,0.01495799533112392,-19.81362462367371,83.07667808499831
2594.179362118818,0.0153156992219106,-19.75472502606102,83.0406176425239
2612.161354399208,0.01408950227280349,-19.69523127213231,83.00814509502874
2630.267991895385,0.01519836861514534,-19.63967671459211,82.96987859374553
2648.500138606704,0.01477805250141749,-19.57637875747784,82.92935599636462
2666.858664521483,0.01541917775036697,-19.51971102588139,82.87218477032879
2685.344445658509,0.01428046140342911,-19.46260754163252,82.85126638710078
2703.958364108846,0.01502366318506002,-19.40351468402575,82.80457338292226
2722.701308077915,0.01559631410919733,-19.34240149574058,82.76253068396409
2741.574171927887,0.0147885346811445,-19.28324444332085,82.71292257610901
2760.577856220347,0.01393903514256625,-19.22595921622002,82.67338842404486
2779.713267759291,0.01514436194117891,-19.16753908822807,82.64622734008759
2798.981319634366,0.01375161782788353,-19.10815789848223,82.59257742893142
2818.382931264458,0.01478995033210902,-19.04975577420671,82.55567231854941
2837.919028441558,0.01419598240595276,-18.99188073129026,82.49730214929765
2857.590543374949,0.01367378010608472,-18.92937355145895,82.4448406041613
2877.398414735673,0.01390563322205338,-18.87693638022135,82.41962453690803
2897.343587701328,0.01454908292953588,-18.81463768196008,82.37597641669589
2917.427014001169,0.01341408117400593,-18.75479021608852,82.31553238275575
2937.649651961533,0.01431454302928058,-18.69951843325067,82.27847011019239
2958.01246655155,0.01486404769396179,-18.64322505214166,82.22797645176708
2978.516429429194,0.01380080993243432,-18.58225085297191,82.18591271395371
2999.162518987653,0.01446158644062116,-18.52393297705738,82.14738518573753
3019.951720402019,0.01380381293542648,-18.46527993049156,82.10543413251719
3040.885025676283,0.01373335334578723,-18.41052566110635,82.04996029414178
3061.963433690682,0.01316561458277358,-18.34911956909011,81.99270282235491
3083.187950249357,0.01331579681975216,-18.28954914123756,81.95562381915626
3104.559588128359,0.01242606678966946,-18.23208810553151,81.90499859318511
3126.079367123959,0.01339542588371613,-18.17602701599028,81.85687024607205
3147.74831410132,0.01256603312945316,-18.11639382186636,81.79140507405555
3169.567463043494,0.01205669928245161,-18.06209322420714,81.75053946305763
3191.537855100765,0.01417033012938845,-18.00147316801667,81.70348220527727
3213.660538640321,0.01195152408903324,-17.94193014614052,81.65775901397632
3235.936569296288,0.01250441522570636,-17.88268448925024,81.61742222059647
3258.36701002009,0.01136208922135616,-17.8258136373056,81.55251520093671
3280.952931131191,0.01230976261914619,-17.76434278787632,81.50695840834224
3303.695410368152,0.0121971153692411,-17.7084745662666,81.45980394013355
3326.595532940047,0.01134096863645528,-17.65096335411732,81.41224966369101
3349.65439157828,0.01188883703563455,-17.59063867106845,81.37187629571444
3372.873086588689,0.01088474486950937,-17.53510574018063,81.31732392769999
3396.252725904089,0.01214014473239558,-17.47382010106337,81.27362851085675
3419.79442513709,0.0116804397761521,-17.41515638901267,81.19251507404709
3443.499307633388,0.01144186594986854,-17.35882229724773,81.15422205897664
3467.368504525317,0.01131460407382996,-17.30006995965308,81.10085042834234
3491.403154785866,0.01103102036630314,-17.24339363647802,81.05062811752711
3515.604405282983,0.01192805634548373,-17.18409184064149,80.98729946924132
3539.97341083435,0.01215748033041194,-17.12383387745732,80.9294136333944
3564.511334262443,0.0117954726032486,-17.06770147647517,80.88732568517641
3589.219346450057,0.01192494507703346,-17.00960404326941,80.826740937767
3614.098626396135,0.01136549270471286,-16.95173732743595,80.75799708203266
3639.150361272074,0.0111796837328166,-16.89170060572543,80.71136257758411
3664.375746478333,0.01210575805934249,-16.83607731728692,80.66280978287783
3689.775985701508,0.01111255180929639,-16.77899484016336,80.60616663202131
3715.352290971728,0.01046584143102113,-16.71882272231398,80.55259398361731
3741.105882720537,0.01087522163466984,-16.66303505352557,80.49765263104064
3767.037989839089,0.01017689292557226,-16.60423355246135,80.42766058490065
3793.149849736825,0.01038514711434357,-16.54705856974836,80.3740768296063
3819.442708400468,0.009877215903531959,-16.48920649179206,80.31560747872402
3845.917820453539,0.009897187712927717,-16.4298996145298,80.26730320348577
3872.576449216173,0.01134073041842426,-16.37242330689179,80.20350783068572
3899.41986676544,0.009852066554886301,-16.31481563539248,80.12742694387811
3926.449353996001,0.009592200894605513,-16.25644583061282,80.08147645723056
3953.666200681283,0.009673677206703925,-16.20120898094198,80.00963523499281
3981.071705534973,0.00935471923538562,-16.14058741762799,79.95311494054216
4008.667176273034,0.008686819124436739,-16.08575342077473,79.89389459057205
4036.453929676053,0.01018173683044805,-16.02876189462068,79.84055675589686
4064.433291652131,0.008464761910973489,-15.96972841381234,79.77186302555556
4092.60659730011,0.008927941453054051,-15.91299411286694,79.70935227412072
4120.975190973304,0.008754378027705154,-15.85441546896977,79.64827663156467
4149.540426343632,0.00792119792442663,-15.79543762315783,79.58054594806566
4178.303666466222,0.009555695921313213,-15.74144426848186,79.52009576700874
4207.266283844442,0.009701925249315702,-15.68258206583648,79.45424503329396
4236.429660495413,0.008147855878443588,-15.62676896030416,79.39680511450206
4265.79518801593,0.008678821763240479,-15.56779432287808,79.33287119528069
4295.364267648877,0.009161747258351114,-15.51013344746132,79.26868832203604
4325.138310350088,0.007542161490686473,-15.45146829773872,79.20401656078518
4355.118736855688,0.008377665855745217,-15.39683577161378,79.14459584919962
4385.30697774986,0.008518337771297225,-15.33600295612511,79.05825356857468
4415.70447353313,0.008744488073131046,-15.2781269231176,79.00667174544139
4446.312674691088,0.007878906225938077,-15.22232507694416,78.92641355630103
4477.133041763627,0.008553398870580951,-15.16486545063873,78.87881741346168
4508.167045414605,0.009085998904164828,-15.1048597880471,78.80145933715106
4539.416166502037,0.004879543347442596,-15.04857218638639,78.7393535570759
4570.881896148752,0.008277160075330144,-14.99101664124794,78.66877766404252
4602.565735813563,0.008589659551096541,-14.93546496566898,78.59362952297258
4634.469197362884,0.006312234530662183,-14.87841315315129,78.52192344905427
4666.593803142891,0.006503971230115399,-14.82167890261816,78.4507557246086
4698.941086052156,0.007953608547607075,-14.7662801393871,78.40514422050953
4731.512589614807,0.007211453183687265,-14.7067603045756,78.32490818843297
4764.309868054161,0.007028135618758303,-14.65150792345371,78.24334007413904
4797.334486366897,0.007188714924031962,-14.59524054288866,78.17456415910061
4830.588020397728,0.006919217327026996,-14.53633181603663,78.09540249176951
4864.07205691462,0.005258586923836692,-14.4782101435416,78.0287587405351
4897.788193684466,0.00694098295938935,-14.42112929164855,77.94878202817411
4931.738039549365,0.007170014655323141,-14.3627324847241,77.88040335315588
4965.923214503363,0.006778710604581124,-14.30658632504707,77.80558987000103
5000.345349769788,0.002984389943143933,-14.25041568302849,77.71888671674299
5035.006087879053,0.005728049735278623,-14.19309555109832,77.65718522157709
5069.90708274705,0.00747050469123686,-14.13706177676105,77.58062025721139
5105.049999754065,0.006022791874456204,-14.08118465914912,77.50986497316813
5140.436515824264,0.005328316513080942,-14.02324661202373,77.42833980494412
5176.068319505681,0.005854356690595025,-13.9645066760241,77.35180008775038
5211.94711105081,0.006025408445825744,-13.90825482573605,77.27299061756037
5248.074602497728,0.003872129680110384,-13.85276714198313,77.20518882226693
5284.452517751808,0.005598757301811765,-13.79588700109781,77.10763029534898
5321.082592667947,0.005723505513956731,-13.74050672385287,77.0343287916819
5357.966575133422,0.005988452022265472,-13.68285200973893,76.96491066065732
5395.106225151279,0.00280455689482239,-13.62607263879571,76.86888162260061
5432.503314924335,0.005317534831830641,-13.5686506394071,76.79841695940758
5470.159628939721,0.005919246793609179,-13.5117491863815,76.7052805623406
5508.076964054041,0.005923879658570158,-13.45659453167053,76.64255837731562
5546.25712957911,0.002460811924227721,-13.40023372210242,76.54118083754418
5584.701947368312,0.004272986951640787,-13.34307734081723,76.46990987838907
5623.413251903497,0.005059558023795528,-13.28556181348359,76.37854309749275
5662.392890382534,0.005214671857354165,-13.22975948000353,76.30361199803329
5701.642722807478,0.002077001892941671,-13.17308618166594,76.21820299587603
5741.16462207328,-0.005648396887945899,-13.11686590332798,76.12929606821581
5780.960474057187,0.00436826657693323,-13.06202288648938,76.04751052274156
5821.032177708717,0.005186961005355716,-13.00478369534406,75.95284699371851
5861.381645140291,0.003004274806804958,-12.94839683506791,75.86521170550581
5902.010801718448,-0.003899426491450779,-12.89440957043749,75.79581630551485
5942.921586155733,0.003473079455776809,-12.83957776045002,75.70299527140716
5984.115950603198,0.003779801908510177,-12.78183498369493,75.62448960873718
6025.59586074358,0.00406483527370734,-12.7270900072804,75.52531654475456
6067.363295885059,-0.001770365681519435,-12.67055824177789,75.43517489293367
6109.420249055726,0.003031175693001282,-12.61419737171941,75.34313807474848
6151.768727098683,0.003550148237164848,-12.55807498182021,75.25346056191152
6194.410750767818,0.003551845746639353,-12.50099140636521,75.16517037623753
6237.348354824198,0.0006735404268030823,-12.44653555715655,75.08536735712558
6280.583588133187,-0.007715099562266188,-12.39105158231704,74.98689329017554
6324.118513762197,0.002742318846012009,-12.33511794949889,74.89691760507874
6367.955209079162,0.004073029149939988,-12.27901685182116,74.79941925459957
6412.095765851622,0.003109753901249335,-12.22400417599609,74.70153569225258
6456.542290346562,-0.001776161641939425,-12.16858235610312,74.60081176443177
6501.296903430909,-0.01219429715061874,-12.11343323977644,74.51784155482983
6546.361740672754,0.002713975683135392,-12.05939552990381,74.43089023085088
6591.738952443219,0.003321673715007136,-12.00308322880419,74.32166098324531
6637.430704019096,0.00220156268339302,-11.94877858974284,74.23208469098975
6683.439175686149,-0.005261733023492098,-11.89282690452048,74.12608536462633
6729.766562843181,-0.008263745650787612,-11.83654222524537,74.0337232015562
6776.415076106758,0.003204210726709382,-11.78320276068369,73.93566973525404
6823.386941416704,0.002463401026168075,-11.72698980464092,73.83381600365233
6870.684400142325,0.001111104989674379,-11.6719814644093,73.74949696311315
6918.30970918937,-0.006309466332421954,-11.61766954304438,73.62668409497721
6966.265141107694,-0.007227486586563072,-11.561701939582,73.53750817012559
7014.552984199721,0.0021337497918044,-11.50829557624181,73.4457206461708
7063.175542629623,0.002077142306535215,-11.45273848810501,73.33899659027668
7112.135136533296,0.001919681103861857,-11.40026434463658,73.2253382710208
7161.43410212902,-0.005562663231489622,-11.34393352457466,73.13719145386962
7211.074791829004,-0.009165037398363165,-11.2881281386935,73.02958883153528
7261.059574351551,0.001017914261286887,-11.23678456211348,72.92856732004506
7311.39083483418,0.00144164203968308,-11.18023789163114,72.82162659204705
7362.070974947361,0.001194306391377283,-11.12487481818097,72.71676969780958
7413.102413009185,-0.003318307165827288,-11.07098648638849,72.60877555383615
7464.487584100669,-0.01325623929112589,-11.01749592711136,72.50450765924492
7516.228940182061,0.0002021810207608533,-10.96232073008709,72.39711256682423
7568.328950209743,0.001627121828916727,-10.90735855890008,72.28826886956061
7620.79010025413,0.001586579300293943,-10.85459212170836,72.18076990844997
7673.614893618193,-0.0008148801656064888,-10.80104383511091,72.08093861007893
7726.805850957029,-0.01047773683484579,-10.74652895144869,71.96138098092101
7780.365510398041,-0.006646374413747316,-10.69356701167649,71.85447065931515
7834.296427662129,0.001141009227402843,-10.63990033836618,71.75136018807112
7888.601176185549,0.001035233234863829,-10.58459545589389,71.63281034191162
7943.282347242821,0.0009942342923181739,-10.53356972873307,71.53295402706379
7998.342550070285,-0.003951356578983768,-10.47828203380218,71.41801130197963
8053.784411990678,-0.01499164839938877,-10.4248195888711,71.29759461935316
8109.610578538413,-0.004355044558674062,-10.37181992665479,71.18634375892135
8165.823713585931,0.0002929055007072944,-10.31740791999304,71.0696771192856
8222.426499470712,-6.758656212747627e-05,-10.26495073459859,70.96252144234109
8279.421637123352,0.0004983837803028307,-10.21168655109456,70.84009485455888
8336.81184619635,-0.00450224620922648,-10.15659906359408,70.7191197042544
8394.599865193981,-0.01509614665451444,-10.10400328033381,70.603957202763
8452.788451602901,-0.00402016112883207,-10.05043857222814,70.48755470639964
8511.380382023775,-0.0007846125551300345,-9.998128679461626,70.37130360967322
8570.378452303701,-0.0001480190776817013,-9.945151228289696,70.25204794337651
8629.78547766971,-0.0007968712998359378,-9.892876705930968,70.13859843603554
8689.60429286302,-0.003805864214117775,-9.841316932935463,70.01007500868337
8749.837752274372,-0.01404896037010314,-9.787588106778564,69.89782057135372
8810.488730080147,-0.00527796551362133,-9.734517425750532,69.77931853447046
8871.560120379616,-0.0002355639686206296,-9.682678044799532,69.64907388818814
8933.054837332955,-0.0006500668180555922,-9.629885981645,69.52357169453498
8994.975815300364,-0.0003505595988551598,-9.579017179944834,69.40670043077124
9057.326008982007,-0.00107535978803511,-9.525998863168208,69.28456895980833
9120.108393559105,-0.008954636053226219,-9.473899449921175,69.1559380869172
9183.325964835811,-0.01060704415447088,-9.421383248522607,69.03421209369648
9246.98173938224,-0.00248217848839364,-9.370259090408567,68.91540459394483
9311.07875467831,-0.0009887682933300331,-9.317820003063865,68.78701441707068
9375.620069258812,-1.304836663740153e-05,-9.266120997251605,68.65639999859745
9440.608762859236,0.0001218968381303871,-9.2146277973495,68.53528119056161
9506.047936562829,-0.002826423528821741,-9.1619350510788,68.40314734149011
9571.940712948452,-0.01241923385703134,-9.110379368843912,68.27267872309092
9638.290236239714,-0.00742791428368353,-9.058083577008064,68.14445144836554
9705.099672454899,-0.0020458767618722,-9.009043433779315,68.02486054507057
9772.372209558122,-0.001748878168662003,-8.955561542434648,67.87851773810991
9840.111057611344,-0.001521159876598042,-8.905336781408602,67.75967149145932
9908.319448927685,-0.0009254798394262476,-8.855048125406178,67.61420911861353
9977.000638225536,-0.003571344735386897,-8.803224569075532,67.49175813387399
10046.15790278396,-0.01214171487553832,-8.753600788658764,67.35086311212501
10115.79454259899,-0.008708648870847309,-8.701351859820065,67.22848123032254
10185.91388054118,-0.001961350112229579,-8.651562154193934,67.09521515705708
10256.51926251408,-0.001200650694084323,-8.600563002896074,66.95056858984906
10327.61405761399,-0.002184312527197124,-8.54998859470574,66.81488136372236
10399.2016582906,-0.001493734511248079,-8.500025791022493,66.67494129929626
10471.28548050901,-0.001632153152791443,-8.45040083102081,66.54418302435779
10543.86896391259,-0.007227520941846814,-8.399917421653015,66.4018548558696
10616.95557198726,-0.01429468682320739,-8.349578715773482,66.26479688486307
10690.54879222658,-0.0049737084940943,-8.299963001990333,66.1297982583251
10764.65213629836,-0.001755917676760031,-8.248040203423807,65.99022455202385
10839.26914021204,-0.001766336746422424,-8.19905990783637,65.84731112803881
10914.40336448757,-0.002150911572253085,-8.149839908038325,65.70895377960234
10990.05839432521,-0.001007561352583524,-8.101792118675203,65.56171657456193
11066.23783977667,-0.002427163717674972,-8.0509494878707,65.42898301398947
11142.9453359173,-0.009394746649067141,-8.002046402292072,65.27998104957092
11220.18454301964,-0.01111165738791966,-7.952892404481744,65.1422381399333
11297.95914672798,-0.003589767782527093,-7.904250351693253,64.99701579804905
11376.27285823432,-0.001866371040753883,-7.853385823308921,64.85368385018145
11455.12941445536,-0.0019552867572377,-7.805008910250701,64.70316751765969
11534.53257821093,-0.001880742262025607,-7.757500443933686,64.55486423432687
11614.48613840343,-0.001074615735814228,-7.707373223444791,64.41315912014406
11694.99391019872,-0.001377703455124916,-7.65981398120843,64.2554340874873
11776.05973520808,-0.006795212609908156,-7.612147730931053,64.11397398308306
11857.68748167161,-0.01581860966352659,-7.563925883042418,63.97040858821482
11939.88104464274,-0.005217778402770781,-7.513969850832845,63.81703825855394
12022.64434617414,-0.002131609600333344,-7.466865989515981,63.66879452593962
12105.98133550483,-0.002438757640686422,-7.418599730811851,63.52085850364892
12189.89598924867,-0.001753443487024113,-7.371129479714264,63.36123065698524
12274.39231158408,-0.00189151816001253,-7.323392711178608,63.21301950523787
12359.47433444511,-0.002068798615839377,-7.275978303010052,63.07032088030309
12445.14611771386,-0.002545691287814959,-7.227922204401523,62.91281222958196
12531.41174941417,-0.0091363356539049,-7.181195397801558,62.74791735129441
12618.27534590671,-0.0128201438200593,-7.133788360713686,62.61088476731963
12705.74105208543,-0.004554704856020946,-7.086020702491835,62.45223973387158
12793.81304157525,-0.001795541978138113,-7.039072374799717,62.28801830889293
12882.49551693135,-0.002156722853397524,-6.993869928189654,62.13782622045021
12971.79270983956,-0.002302536927795381,-6.94589555000662,61.98651243289386
13061.70888131842,-0.002150781297926364,-6.90058569975744,61.8214443629016
13152.24832192239,-0.002002035196806968,-6.852292165503645,61.6645299591691
13243.41535194666,-0.002295023639024167,-6.807480116743224,61.51103844093569
13335.21432163325,-0.005694208008335394,-6.761052671625021,61.34735870842657
13427.64961137865,-0.01870977278230101,-6.715540617204763,61.19698264079277
13520.72563194278,-0.006722011571653048,-6.668556133918302,61.03619285455422
13614.44682465951,-0.001317880356827522,-6.62460925409715,60.86770323090261
13708.81766164854,-0.001764752207150488,-6.57746762031258,60.7043284432802
13803.84264602886,-0.002251755831284045,-6.53309937852115,60.55019529048749
13899.52631213354,-0.001117134171847872,-6.48808468808737,60.38274321928785
13995.87322572619,-0.002324738947748194,-6.443639370915766,60.21439663334407
14092.88798421875,-0.001921087791618157,-6.396738126214515,60.05238212342617
14190.57521689093,-0.00184070862972525,-6.35227749773043,59.89210851216443
14288.93958511104,-0.006064881019548296,-6.307526612922832,59.7212674635073
14387.98578255847,-0.01758675581644107,-6.264034388326392,59.56009754884197
14487.71853544762,-0.005899502022935409,-6.219115883371879,59.39918986097238
14588.1426027535,-0.001683295561518584,-6.17447832396361,59.22788024493757
14689.26277643868,-0.002505625345650162,-6.130261837025044,59.0645147348613
14791.08388168209,-0.002176476930570832,-6.086574314880716,58.88925289617907
14893.61077710916,-0.002343201673463078,-6.043632162228151,58.7309289151783
14996.84835502375,-0.002092651460050895,-6.000051920590441,58.55705312552942
15100.80154164149,-0.00182824232334496,-5.957260291861811,58.38713362317244
15205.47529732497,-0.001538894350691694,-5.912737479044895,58.21949151516705
15310.87461682031,-0.002788808165269315,-5.870151733836581,58.05016507619004
15417.00452949561,-0.009103138251992705,-5.827078060385825,57.87933376546596
15523.87009958083,-0.0135527582465538,-5.784202265598729,57.70623083434231
15631.47642640956,-0.002913672490051515,-5.742865197704265,57.53968129741145
15739.82864466221,-0.001052815162006856,-5.699077485624978,57.3657680964959
15848.93192461115,-0.002985778564845222,-5.655811373414592,57.19361491009067
15958.79147236734,-0.002432917904214789,-5.612970949833038,57.01891146347312
16069.41253012879,-0.002651756239098922,-5.572176144764674,56.84349281792112
16180.80037643067,-0.001934070068548073,-5.531212371812437,56.66699755996998
16292.96032639724,-0.002284434087355247,-5.488637554994441,56.50135611455516
16405.8977319954,-0.002019653757147956,-5.44601787767628,56.32371810962188
16519.61798229016,-0.002309879526697188,-5.405245389353731,56.14199029418064
16634.12650370171,-0.004390744439005913,-5.364377603792555,55.96857286997224
16749.42876026437,-0.01359226868904285,-5.323214034671873,55.79186878861643
16865.53025388742,-0.008069515456294744,-5.283177134452069,55.6167805555405
16982.43652461744,-0.002925879596384245,-5.242221227158601,55.43504281065077
17100.15315090289,-0.001927437581849957,-5.202245463948705,55.26024163907017
17218.68574986007,-0.00223356015869998,-5.160875752822648,55.08698417817423
17338.03997754139,-0.00205489289322282,-5.121504594430874,54.90345819547802
17458.22152920504,-0.001911092283103854,-5.081040747101109,54.72437788427385
17579.23613958694,-0.001514371615902304,-5.040495334179942,54.54483629184969
17701.08958317421,-0.005982707391694315,-5.000884207564398,54.35867653184878
17823.78767448091,-0.001592148312376279,-4.961723038303075,54.18589746939237
17947.33626832527,-0.001868801839387787,-4.922469169995884,54.00391876876292
18071.74126010928,-0.002409886740147609,-4.883673066917168,53.81623998253633
18197.00858609984,-0.006018268066552868,-4.844440824876891,53.64253714180967
18323.14422371213,-0.01499488524704496,-4.805836455902165,53.46440248348677
18450.15419179474,-0.004769418306987559,-4.767533922352222,53.275368183338
18578.044550917,-0.001392339468461008,-4.731058129570772,53.09768800270354
18706.82140365801,-0.001648167657570971,-4.69071660033503,52.9042522893949
18836.49089489802,-0.001836811856439162,-4.653212425683898,52.72822508104565
18967.05921211146,-0.00165120957362198,-4.614318002805995,52.54112250046043
19098.5325856624,-0.0006871538994809266,-4.577385359687457,52.3565294914211
19230.91728910159,-0.003043181802666774,-4.539472012019662,52.18289918833996
19364.21963946609,-0.01158371646131482,-4.502221223230627,51.99175563828906
19498.44599758046,-0.008256023371984639,-4.464775042426452,51.80685230964455
19633.60276836048,-0.0005382712494668828,-4.427941440895114,51.61882380698452
19769.69640111861,-0.0007886412174887448,-4.39051629777531,51.43243211473703
19906.73338987188,-0.0005478621288962622,-4.354264707074274,51.246659813881
20044.72027365162,-0.007226830221159039,-4.318667241451617,51.06650193567746
20183.66363681563,-0.01167461434066598,-4.283662141632282,50.88464376493249
20323.57010936222,-0.002488604356564886,-4.246796709858779,50.6887790890579
20464.44636724676,-0.0005706277450361143,-4.211006498745385,50.5012308774543
20606.29913270001,-0.0002845765881595242,-4.175238033605073,50.31848933206714
20749.13517454912,-0.001915847669373451,-4.139553810995928,50.12653398659999
20892.96130854039,-0.000645824369291213,-4.104134996486463,49.94389725869087
21037.78439766477,-0.001028021070104993,-4.068462175521701,49.75626626848576
21183.61135248502,-0.002416562792979814,-4.034370737978889,49.56286722477698
21330.44913146578,-0.01243766973348522,-3.999537504301647,49.38073101411428
21478.30474130534,-0.005512727423738907,-3.965392073033244,49.19043094763654
21627.18523727022,0.0002591714927583188,-3.931107242423645,48.98836864639672
21777.09772353159,-0.0006365208696449873,-3.895944061311456,48.81148826725348
21928.04935350451,0.000465147296219593,-3.863183910481764,48.62604159086693
22080.047330189,-0.000582469886684768,-3.829504035075128,48.4316135771765
22233.09890651405,-0.004920695826016831,-3.794886861206443,48.24305499973474
22387.2113856834,-0.01456020340037504,-3.76240232900523,48.05046461903186
22542.39212152432,-0.003091605742020474,-3.729579521656219,47.86170678325205
22698.64851883822,-0.0003124008594123178,-3.696388831588657,47.67146984786477
22855.98803375432,-0.0006589887175243618,-3.662980520569958,47.48425318907977
23014.41817408509,0.0001806531101922071,-3.630620119948467,47.28973948280628
23173.94649968481,0.0007307356796025754,-3.598542698075007,47.10578778319818
23334.58062281003,0.0007317904427741111,-3.565855470562618,46.90859247266287
23496.3282084831,-0.0003578419853213463,-3.534182800680781,46.71620659599954
23659.19697485759,-0.008876612574139112,-3.503365030145501,46.53544751715347
23823.19469358693,-0.007276926988880317,-3.471674969750262,46.33168613645626
23988.32919019491,-3.952833941285318e-06,-3.43964732965134,46.14012010379925
24154.60834444943,0.001268576140286876,-3.409128872927851,45.95459062419249
24322.04009073816,5.406520210908103e-07,-3.377760633604673,45.76256411804057
24490.63241844748,0.0006651351168829674,-3.346040588312269,45.56581635077667
24660.3933723434,0.001982253074222639,-3.316403513867665,45.37441610756322
24831.33105295573,4.150380389256308e-05,-3.285414792198903,45.19881965536227
25003.45361696432,-0.002242340756722263,-3.255265791840378,45.00020782224975
25176.76927758858,-0.01399051696865194,-3.225675020359072,44.80329228022532
25351.28630497908,-0.002874901413866978,-3.196748086996645,44.61265022374722
25527.01302661248,0.0003550101874078003,-3.166349794522858,44.42487035870996
25703.95782768865,0.001942527885555755,-3.135424417435289,44.2313325007395
25882.12915153093,0.001473554378201992,-3.107704975412708,44.04767083016316
26061.53549998896,0.001833759213084342,-3.077505911149069,43.85321851303556
26242.18543384444,0.00149173738437201,-3.048934203065374,43.65964303321095
26424.08757321947,0.0006461899378789475,-3.020206684839696,43.46975751118872
26607.25059798811,-0.006563729957116066,-2.99163738918756,43.27617195738473
26791.68324819033,-0.0055889367288177,-2.963159779419047,43.08938129882083
26977.39432444922,0.0008061344329159256,-2.934911568124327,42.8969071918788
27164.39268839084,0.002609827962533635,-2.907808432349661,42.70668793088217
27352.68726306714,0.002717837969744435,-2.881602701364606,42.51569883118884
27542.28703338168,0.00288258047412174,-2.85315704211025,42.32777424012386
27733.20104651842,0.002954802153878677,-2.825778157714062,42.13405490942557
27925.43841237339,0.002442032304164252,-2.797572475117637,41.94206579202765
28119.00830398942,0.002174745822801102,-2.770841436270375,41.75503240869395
28313.9199579938,0.003950748971067696,-2.745682216005545,41.56780101786111
28510.18267503911,0.001129949293675946,-2.718094141327667,41.36491259437781
28707.80582024692,-0.007680117679021047,-2.692818155282724,41.18474227820491
28906.79882365478,-0.003582867704682279,-2.666475254894605,40.99591060739499
29107.17118066607,0.001379369093297122,-2.640361673676373,40.80007418545512
29308.93245250323,0.00348931015301966,-2.614447488302479,40.60947149075344
29512.09226666387,0.003368029368890235,-2.589660220635414,40.42599209358947
29716.66031738028,0.003808576489211745,-2.56337249035639,40.24101976243085
29922.64636608191,0.004633380717236941,-2.538930055965591,40.04960136705071
30130.06024186123,0.003610842926307407,-2.513127948182875,39.85913186003823
30338.91184194272,-0.0006367650198623705,-2.488600514920282,39.67024399640736
30549.21113215515,-0.009358425194883942,-2.464550793325267,39.48037570653563
30760.9681474071,0.0006996418158469114,-2.439487917479724,39.28902682416056
30974.19299216583,0.004461312926462757,-2.415722769519792,39.10591896989263
31188.89584093939,0.004401571970664926,-2.392718435664694,38.92202336573452
31405.0869387622,0.004131378085056497,-2.368652909827662,38.73436122792027
31622.77660168381,0.00585176857732231,-2.344828196727146,38.53834888020681
31841.97521726125,0.004061251262268245,-2.320562252951995,38.35148238576851
32062.69324505467,-0.0001805097555452049,-2.297702100068728,38.17649404955075
32284.94121712636,-0.008490985151329185,-2.275177852537885,37.9861805438546
32508.72973854345,0.001754244072592647,-2.252291461939374,37.80808661228906
32734.06948788383,0.003428764821621293,-2.227991793455556,37.60824750056472
32960.97121774579,0.005471490101486398,-2.205941038485583,37.43067276532919
33189.44575526105,0.005345413415853326,-2.184302438584721,37.24349287512577
33419.50400261144,-0.000767010829365605,-2.162296646656143,37.05628937651763
33651.15693754908,-0.005142424948469454,-2.140419342792544,36.87418045135412
33884.41561392028,0.003821147697574707,-2.118221442141921,36.69136851825256
34119.29116219287,0.007618074558158994,-2.097888719722547,36.50958909154841
34355.79478998748,0.00576290213349065,-2.07598597138742,36.32545470147532
34593.9377826122,0.006337921113824357,-2.054555453010436,36.14384100874372
34833.7315036012,0.005908250924770595,-2.033536706956603,35.95231097153965
35075.18739525681,0.006590436426191244,-2.012280811043764,35.77659281906031
35318.31697919572,0.003586810592934827,-1.990603303450448,35.59667029864383
35563.13185689854,-0.007243307914283096,-1.971375977255502,35.41013557752407
35809.64371026362,0.00184207691905543,-1.951364287930652,35.22312257959473
36057.86430216426,0.007116770192731573,-1.930901573440738,35.04716088132032
36307.80547701016,0.008609061397313711,-1.910976494618082,34.87614731057838
36559.47916131251,0.00789877517562167,-1.890584022798077,34.6925294454299
36812.89736425316,0.006514132647715502,-1.871196970844702,34.51717261670767
37068.07217825761,0.007792339552695204,-1.851251772794192,34.33138655210315
37325.01577957208,0.005314293197442766,-1.833668067997024,34.15335971479408
37583.74042884443,-0.00417120049481762,-1.813987721627793,33.96984430974756
37844.25847170936,0.003130824926805078,-1.794681603759717,33.79412510074455
38106.58233937732,0.008403488460898039,-1.776880159600094,33.62407121331101
38370.7245492279,0.01052649910671119,-1.760570084822249,33.43917885588272
38636.69770540693,0.009080514511834659,-1.740772595418901,33.27299022872504
38904.51449942809,0.01067936162636555,-1.722004815519633,33.08778218955991
39174.18771077832,0.00911682336763044,-1.703482885151961,32.918570568082
39445.73020752787,0.009692529040829475,-1.685685104931367,32.73935345239855
39719.15494694405,0.008879678811490507,-1.667916407116212,32.56280854279941
39994.47497610978,0.007822112781595295,-1.652061174161897,32.38556723315855
40271.70343254593,-0.00631523011572549,-1.6323506535437,32.21115449312796
40550.85354483841,0.004723404290672211,-1.615376540865707,32.04243390857891
40831.93863326924,0.008310946657067171,-1.597994386674272,31.86015474450256
41114.97211045225,0.01091584841660868,-1.580883533414479,31.69935831959592
41399.96748197306,0.01110661641431156,-1.565396372521791,31.52216151974504
41686.93834703357,0.01013476135978766,-1.547084042894576,31.35173121755794
41975.89839910078,0.01343950109099889,-1.532823427463858,31.18636366860299
42266.86142656033,0.01090030118816585,-1.516143878627877,31.02746846950288
42559.84131337433,0.002590576411700089,-1.499149921566618,30.8514478989317
42854.85203974399,0.004847997384092449,-1.485196184146737,30.67058468492618
43151.90768277655,0.01002295912683491,-1.467080742154524,30.50063475285275
43451.02241715719,0.01195333809614152,-1.450586407764053,30.34048879028298
43752.21051582523,0.01327361059520729,-1.437317605457113,30.17051670303195
44055.48635065537,0.01387942280158724,-1.421130819620431,30.01411863096735
44360.86439314327,0.01350371728332067,-1.408034703520476,29.83915963416486
44668.35921509634,0.01402223500947941,-1.392557203577266,29.67472233929789
44977.98548932882,0.008553567836390399,-1.378981646209567,29.50825568848612
45289.75799036211,0.003960120461750238,-1.360836128135161,29.35085277218498
45603.69159512964,0.01411666708311032,-1.346739092508254,29.18831597293256
45919.80128368689,0.0148527441944394,-1.332188369756042,29.01214464505018
46238.10213992606,0.0150120628402475,-1.318488566672796,28.85794417770913
46558.60935229593,0.0151008100310874,-1.302725509760035,28.69903315021354
46881.33821452655,0.01585923369396242,-1.289158913741833,28.52555547427036
47206.30412635909,0.0161169047110806,-1.275130985300637,28.3773746967635
47533.52259428056,0.004912058961281733,-1.261067963950296,28.21185013558903
47863.00923226388,0.01284871920151218,-1.24817317063453,28.05714034928288
48194.77976251276,0.0154327244912392,-1.235277443157405,27.88949089748408
48528.85001621215,0.01772084943300393,-1.221183960413648,27.73107353703772
48865.23593428337,0.01563693165001078,-1.207000416400742,27.57517779503141
49203.95356814509,0.01777064908009763,-1.193616469437892,27.40096932064648
49545.01908047903,0.01796667830166861,-1.182270051088197,27.26243904957289
49888.44874600122,0.01510618184499512,-1.167870136089632,27.09944071464093
50234.25895223871,0.007331709737978647,-1.154996184704455,26.94279711822949
50582.4662003114,0.01218536457485185,-1.143710556512374,26.79581993396548
50933.08710571955,0.01725971420575036,-1.130935688718396,26.63839229218658
51286.13839913649,0.02050638386588833,-1.119914307878435,26.47908111349113
51641.63692720711,0.02011315945922713,-1.107373022834217,26.32827208058701
51999.59965335159,0.01953084334944287,-1.095631935295514,26.17898477812134
52360.04365857504,0.01937860642279176,-1.082851903099001,26.02204566144417
52722.98614228227,0.02137920124071397,-1.071882079426583,25.8672944587965
53088.44442309884,0.01704401845479526,-1.059292146093626,25.71920367660854
53456.43593969716,0.007492124506953544,-1.049121999867014,25.56879479876949
53826.97825162884,0.01957481114673411,-1.037121852409191,25.42139205694662
54200.08904016238,0.02089645057284865,-1.023899350996094,25.26501005608829
54575.7861091271,0.02137300201676807,-1.013271699098775,25.11567466785942
54954.08738576245,0.02280539044479878,-1.002427655093688,24.98600546224641
55335.01092157368,0.02289303447695418,-0.9919110184621949,24.82997885367279
55718.57489319298,0.02122936436577421,-0.9812962247261338,24.68545009038374
56104.79760324706,0.01768757259148158,-0.9697809922999256,24.52644773251069
56493.69748123025,0.008203461745024137,-0.9581406355585743,24.39866259458175
56885.29308438416,0.02008727357554706,-0.9485529206688901,24.24270903327675
57279.60309858293,0.02404180524183341,-0.9386330799382716,24.10389198787815
57676.64633922509,0.0227788950095229,-0.9261333797852229,23.95594608781067
58076.44175213121,0.02376737779442048,-0.9179046793343524,23.81530134633759
58479.00841444809,0.02451502566774855,-0.9077040576752951,23.67575215238949
58884.3655355589,0.02456173342132521,-0.8977176387893439,23.52981493236989
59292.532458,0.01736364219957823,-0.8883833009404095,23.38552291580348
59703.52865838369,0.01651018104595784,-0.8789403355352825,23.25389884450814
60117.37374832782,0.02588968039418677,-0.869463391437537,23.10898082544952
60534.08747539136,0.02525312361017216,-0.8598380179733243,22.97656086738449
60953.68972401693,0.025114898593795,-0.8485692684634051,22.83360852439547
61376.20051647942,0.02617781072987189,-0.8412216424133634,22.69423893147793
61801.64001384161,0.02690830929783032,-0.8312468645435158,22.56165401352305
62230.02851691595,0.0215476954339004,-0.8222859183101452,22.4202157415867
62661.38646723355,0.01638330936366089,-0.8142644247955066,22.28481898514928
63095.73444801933,0.02511256185892172,-0.8038827103660328,22.15621113537112
63533.09318517439,0.02760029069649955,-0.7951984226439635,22.02442843401822
63973.48354826482,0.02895149749661031,-0.7865278771023749,21.88417076078765
64416.92655151775,0.02908244188631258,-0.7803170693153082,21.7503396638325
64863.44335482384,0.0286457936493319,-0.7691108946195985,21.6209595625547
65313.05526474726,0.02692052856903855,-0.7608735764062889,21.49577492760451
65765.78373554205,0.03042580624707747,-0.7529918713004519,21.37032339386707
66221.65037017621,0.03085655706565017,-0.7454659359035281,21.21758320474439
66680.67692136222,0.02620364761724572,-0.73712693718186,21.10049392952138
67142.88529259527,0.01438165384389136,-0.7291884280417182,20.96683071199487
67608.29753919819,0.02680661311327923,-0.7200633938537429,20.832852369058
68076.93586937418,0.03102068187756038,-0.7119382423008909,20.70867795760343
68548.82264526616,0.03222056991873559,-0.7056690768154041,20.57380583908613
69023.98038402422,0.03168593144119547,-0.6969656381701927,20.45456056616398
69502.4317588797,0.03129235240489361,-0.6908900325335832,20.33435649237768
69984.19960022738,0.03316396870702041,-0.6834891586734584,20.20592278532155
70469.30689671471,0.03347676024238122,-0.674167519331742,20.08184305004962
70957.77679633891,0.02437255716849578,-0.6656125521418886,19.95876123009978
71449.63260755134,0.02506624817881082,-0.660887796004934,19.83314874525718
71944.89780036999,0.033215399474518,-0.6531005819710245,19.70474673124425
72443.59600749903,0.03598303962023867,-0.6465897389643303,19.58805045690178
72945.75102545691,0.03505843290492815,-0.6398006566664295,19.46303594061655
73451.38681571151,0.03433748946549565,-0.6309972592673239,19.33894425084744
73960.52750582382,0.03565106038758072,-0.6260364488943099,19.22010318006097
74473.19739059891,0.03413737011432272,-0.6188628961547868,19.10688758672806
74989.42093324562,0.02638892077671609,-0.6104371585983772,18.98650736824329
75509.22276654342,0.02552652376532347,-0.603239622077217,18.86338427372701
76032.62769401823,0.03648118056182627,-0.5990545618971448,18.74945005148614
76559.66069112565,0.03619004006830919,-0.5912848340796227,18.62245695160645
77090.34690644305,0.0362397116531946,-0.5854943046087223,18.50910149390418
77624.71166286919,0.03586301146559118,-0.5794736959422762,18.39645052433647
78162.780458833,0.03782145745101286,-0.5731420389163016,18.29096698929665
78704.57896950988,0.03449329566714417,-0.5663365952912249,18.17338873337982
79250.13304804722,0.02639119406057168,-0.5615727872609161,18.04972776661132
79799.46872679768,0.03432301079367464,-0.5550371662807038,17.93686456357872
80352.61221856177,0.03862578512979455,-0.5474248540127015,17.82282615622941
80909.58991783825,0.04020028641483381,-0.5421060381672405,17.70738461111567
81470.428402084,0.0374869490470956,-0.5362075114091218,17.6011535626844
82035.15443298186,0.03866148082760535,-0.5310467735975803,17.48574136870094
82603.79495771791,0.0404897818653731,-0.5258629475141566,17.37556762680488
83176.37711026713,0.03050678770786604,-0.5191272022978897,17.27384807672301
83752.9282126883,0.03542738589079965,-0.5152856866100879,17.16235401163779
84333.47577642757,0.04041677442114623,-0.5088057222633836,17.05774862787777
84918.04750363145,0.04126244451195954,-0.5037069577191623,16.93791463053759
85506.67128846837,0.04066002399518796,-0.4983842241848966,16.83531972778698
86099.37521846012,0.04182315124012854,-0.4917530970065429,16.72074467076613
86696.18757582171,0.03915225722962005,-0.4871773957072992,16.62231720444066
87297.13683881122,0.03215193531039835,-0.4827169492121934,16.52397215808854
87902.25168308846,0.03717330634872915,-0.4771951013599535,16.4142614274767
88511.5609830836,0.04245276965762088,-0.473168301506013,16.30600898717864
89125.09381337459,0.04326108897955241,-0.4674263606534759,16.1973703439278
89742.87945007491,0.04286923727922126,-0.4627485181189173,16.09748434852546
90364.94737223018,0.04460836405533196,-0.4588099322182257,15.99455919729984
90991.32726322522,0.0413737874270199,-0.4528341819730897,15.88455270998337
91622.04901220002,0.02983056058302158,-0.4490313213438926,15.793670100154
92257.14271547638,0.04267618609319234,-0.4437444397298221,15.68829023738822
92896.63867799367,0.04325401674989126,-0.438606699774045,15.59843836746057
93540.56741475526,0.04665827893162894,-0.4341086015581647,15.49295204874485
94188.95965228417,0.04437085858754208,-0.4290208127297645,15.40025125593247
94841.84633008979,0.04376400321221893,-0.4249275514268075,15.29123583958618
95499.25860214364,0.03245198285107517,-0.4202728654201021,15.19445978578545
96161.22783836653,0.04454468265892525,-0.4158306354064324,15.10093125094535
96827.78562612495,0.04541393271689526,-0.4114399703164661,15.0064042497676
97498.96377173877,0.04757254451612152,-0.4092351543488177,14.90619031422719
98174.7943019985,0.04730931678121571,-0.401786091535172,14.81068300054053
98855.30946569396,0.0470726940902684,-0.3992194112989198,14.71353495992521
99540.54173515274,0.04832971005622093,-0.3954127845767943,14.63441992671245
100230.52380779,0.03955278053092967,-0.3916837127701062,14.52332919706549
100925.2886076685,0.03934168239313141,-0.3885568692099304,14.43111397826315
101624.8692870696,0.04692081008091949,-0.3847083569819821,14.33300539337243
102329.2992280755,0.04894156361548228,-0.3790294479708148,14.24167327145709
103038.6120441617,0.04898174077791662,-0.3755096441818955,14.14402472044552
103752.8415818013,0.05002607135034214,-0.3707914537011087,14.05530080422274
104472.0219220801,0.05016890679714504,-0.3680060397462641,13.96845327433977
105196.1873823224,0.0501805948774499,-0.3637495784751737,13.88806924588235
105925.3725177289,0.04886638469062964,-0.3619886707290783,13.78419769486203
106659.6121230258,0.03818467198669078,-0.3570609277740556,13.70252829835097
107398.9412341245,0.04527746047115425,-0.3538346909266133,13.60482972861922
108143.3951297939,0.0512964390968343,-0.349346369647664,13.52703573750014
108893.0093333434,0.0498118509813056,-0.3437085424542258,13.44147931858855
109647.8196143186,0.0519992495993267,-0.3437296680103225,13.35154261813435
110407.8619902074,0.05056989651834125,-0.3398467168593702,13.26499809709927
111173.1727281592,0.05193956226096934,-0.33492091241332,13.18778787479475
111943.7883467152,0.05214746735053917,-0.3332717864941998,13.08842208399597
112719.7456175511,0.04094932512589006,-0.3280626600508154,13.01079086320815
113501.0815672316,0.04629724993064667,-0.3253852832986848,12.92025710664224
114287.8334789772,0.0514869047539908,-0.3237367947610217,12.84201399607721
115080.0388944437,0.05442817370140047,-0.3201637381522882,12.7515476441568
115877.7356155126,0.0511221072280415,-0.3169094524851732,12.67122305629222
116680.9617060962,0.050375601721058,-0.3132337256379994,12.58905598229192
117489.7554939529,0.05233488082101643,-0.3102501738015448,12.50908732714021
118304.1555725165,0.04835449442028622,-0.3057248072524157,12.42969404603806
119124.2008027375,0.03963180289687004,-0.3042858028956307,12.3417594123017
119949.9303149379,0.05115880560999207,-0.3013513673587316,12.2619162848703
120781.383510678,0.05546330027476155,-0.2993641038924254,12.18840390256695
121618.6000646368,0.05425555975841146,-0.2955391289007163,12.10023743346591
122461.6199265049,0.053294075318529,-0.2924132212104303,12.02043059721238
123310.4833228909,0.0550647111570147,-0.2912601114337834,11.93492232292088
124165.2307592411,0.05096803903760813,-0.2869022306914148,11.87304993855602
125025.903021772,0.0421987191494996,-0.2838036213549325,11.8023504801163
125892.5411794167,0.04837250323882822,-0.280834350123293,11.69761297723164
126765.1865857846,0.05353563170096448,-0.2786363924939568,11.6368469233208
127643.8808811344,0.05463452026764484,-0.2766086630954606,11.56583078576276
128528.6659943616,0.0543747924701074,-0.2739296985991826,11.48289823045072
129419.5841449986,0.05391809406819898,-0.2706875722788187,11.40242127351675
130316.6778452299,0.0532120253551269,-0.2675402269722937,11.33775075047156
131219.9899019203,0.03719780640361574,-0.2648283738969548,11.25424218869726
132129.5634186575,0.05285154089285686,-0.2625964071186696,11.18285564033627
133045.4417978091,0.05441653581931245,-0.2617612403757008,11.11681009571723
133967.6687425935,0.05495158357404228,-0.2594490169667513,11.04174559603351
134896.2882591654,0.05328458703894119,-0.2575287411126513,10.96760620102682
135831.3446587154,0.057060483607109,-0.2552886531535389,10.88931391010412
136772.8825595849,0.04925009359081844,-0.2503290849806105,10.82925202406454
137720.9468893947,0.04495185636280744,-0.2495975175560236,10.74446075029659
138675.5828871889,0.05447788220715621,-0.2460489519911373,10.68415287400902
139636.8361055938,0.05409190486816386,-0.2443113396474493,10.61154526341295
140604.7524129914,0.05492783291792944,-0.2427109792155407,10.53490088678117
141579.3779957082,0.05479123278836106,-0.240912035842393,10.47713879140625
142560.7593602188,0.05270966762922828,-0.2382864713375009,10.40247172644322
143548.9433353656,0.04168635207957434,-0.2366698248645376,10.33882078349875
144543.9770745928,0.05472049717911282,-0.2350790762980193,10.2632520349967
145545.9080581966,0.0543113935052342,-0.2313144272285251,10.20372759625143
146554.7840955912,0.05478238133580474,-0.2297648154275396,10.12672914534532
147570.6533275894,0.05266839186442665,-0.2267069320439508,10.06634905608163
148593.5642287007,0.05263843478955837,-0.2267741933077739,9.996470897163832
149623.5656094434,0.03876903105923009,-0.2238045998249254,9.931405489346105
150660.7066186742,0.051437034576883,-0.2215514487188134,9.864329065195449
151705.0367459337,0.05350290353972396,-0.2194302804173779,9.806219403097749
152756.6058238073,0.05380870455097838,-0.2170111268773892,9.72904605184749
153815.4640303035,0.05411882833879487,-0.2167064016244285,9.673658092378751
154881.6618912482,0.04967121303859651,-0.2147039840387922,9.610787788352198
155955.2502826954,0.04295807829850271,-0.2130077734098815,9.540984020924114
157036.2804333553,0.05329201061660367,-0.2093689134641091,9.483802743861521
158124.8039270383,0.05212056444055956,-0.2080289650223982,9.42300653892741
159220.872705117,0.0531492039615158,-0.2061509452198032,9.351935295705928
160324.5390690042,0.05280106990362453,-0.2044487300005943,9.287011491064433
161435.8556826487,0.04267627945806435,-0.202581780831654,9.238417027950511
162554.8755750484,0.04761354515558529,-0.2024767665921254,9.164051542452732
163681.6521427809,0.05279815387006132,-0.2004824524451055,9.114459311886961
164816.2391525509,0.05068426329903869,-0.1968552341637027,9.050675222450423
165958.6907437561,0.05022721713952073,-0.1969817420993134,8.994047625886942
167109.0614310708,0.04623486294875653,-0.193736026144707,8.91762827702803
168267.4061070468,0.0424381879118472,-0.1926467190061449,8.862972414958648
169433.7800447328,0.05108359925672924,-0.1909723140804934,8.81036977046449
170608.2389003124,0.0489884168260119,-0.1904928737459252,8.766737246889175
171790.8387157588,0.05077922370710199,-0.1880092939221742,8.696084073711283
172981.6359215102,0.04525917489389542,-0.1858920517025634,8.64390088612015
174180.6873391614,0.03851617268384682,-0.185103913402927,8.585830721185083
175388.0501841762,0.0499388477038904,-0.1839803701250937,8.536049941639963
176603.7820686165,0.04852105848372172,-0.1832316471357863,8.471488376778069
177827.9410038923,0.04917843405871126,-0.181737589942719,8.417049159416493
179060.5854035295,0.04781631011972438,-0.1802557543655782,8.356850478812134
180301.7740859569,0.03806789436620435,-0.1780332753879055,8.302484927517449
181551.5662773136,0.04710728589285584,-0.1780577285135275,8.242324104430395
182810.0216142743,0.04761385389151006,-0.1757383145709197,8.200666586004758
184077.2001468956,0.04671549265350425,-0.1745334391580911,8.136302940321912
185353.1623414812,0.04356508141194566,-0.172457177317697,8.076368900948609
186637.9690834671,0.03794519021954642,-0.16954160450607,8.028703921880847
187931.6816803269,0.04674749005698332,-0.1699366228021865,7.974019294524638
189234.3618644976,0.04410991886635704,-0.168456563012695,7.924387126797569
190546.0717963248,0.04468215945551141,-0.1668301517612165,7.881005765703465
191866.874067029,0.03503576600996081,-0.1663447621551434,7.811323781857666
193196.8317016925,0.04292818382340698,-0.1670129070353954,7.769337310826756
194536.0081622663,0.04393237317311977,-0.1628517660901753,7.716214672536978
195884.4673505991,0.04048991047541757,-0.1616482170212204,7.667104412103493
197242.2736114854,0.04238679198265871,-0.1628407139765395,7.621030577709474
198609.4917357372,0.04179491270668068,-0.1598030510038068,7.561830257889824
199986.1869632745,0.035982244823765,-0.1598165711614345,7.499633172378964
201372.4249862389,0.02410644730468897,-0.1566291253957904,7.467448125325745
202768.2719521283,0.0353891884699594,-0.1560149970113221,7.41848781056067
204173.794466953,0.03942174549529513,-0.1561023398113318,7.353730524749125
205589.0595984143,0.04267413296666453,-0.1538183704459181,7.320855913034478
207014.1348791043,0.0385888997716399,-0.1526196559454312,7.277801419706634
208449.088309729,0.03655874501793193,-0.1498464520347335,7.208970839577006
209893.9883623525,0.03765595101139012,-0.1498919568254411,7.17379447440544
211348.9039836648,0.0355308642329334,-0.1497901880490357,7.134967584859908
212813.9045982713,0.02721514423648324,-0.1477580938775549,7.075228434236408
214289.0601120059,0.02438780220954782,-0.1478997856513468,7.034381397017626
215774.4409152667,0.0329442591360177,-0.1463805428484286,6.991263137215824
217270.1178863745,0.03276675425860653,-0.1445863515257107,6.935016442656234
218776.1623949553,0.03251710936082481,-0.1468962115422133,6.881819671677849
220292.6463053457,0.0349930862594329,-0.1430052830446812,6.839337590384378
221819.641980022,0.03260638683698104,-0.1405085641134139,6.800014901559841
223357.2222830533,0.03180178225353133,-0.1408848572510437,6.757879088477921
224905.4605835782,0.02605534326351733,-0.1416460674843492,6.707533581016548
226464.4307593061,0.02227393071358429,-0.1378470310889836,6.669825010490612
228034.2072000419,0.02966237106581519,-0.1372308448241451,6.621970706370575
229614.8648112363,0.03058807429370858,-0.1388979665697239,6.567764857926932
231206.4790175596,0.03087583516861733,-0.1359989232918876,6.535371264649953
232809.1257665009,0.02762614624123357,-0.1352552705301241,6.497821351430247
234422.8815319923,0.0281071486971383,-0.1326286056973694,6.442035007466593
236047.8233180578,0.02355852650233048,-0.1331392840493875,6.42345765131914
237684.0286624878,0.01603486852194473,-0.1324645340515808,6.358897107498372
239331.5756405389,0.02344553484526241,-0.1328516413377719,6.3281823713154
240990.5428686596,0.02561345553079811,-0.1303037295789266,6.283675129883278
242661.0095082417,0.02692674681931985,-0.1320794939357709,6.215495919544722
244343.0552693973,0.02379715452356747,-0.1300167684578495,6.189407396257252
246036.7604147629,0.02421799130645774,-0.1285974239197114,6.153749381522092
247742.2057633287,0.02319146486886841,-0.1286012090221773,6.109990264250939
249459.4726942956,0.01078048475445707,-0.1252365370821835,6.068787078322176
251188.6431509582,0.01452002978809741,-0.1247960377628295,6.032233921744279
252929.7996446146,0.02239792746824829,-0.1257728421135191,5.989260544796863
254683.0252585042,0.01850964649395173,-0.1237971718930346,5.946666047763415
256448.4036517719,0.01804089944712904,-0.1235581040107573,5.918079156331174
258226.0190634598,0.02029224349301019,-0.1240834605141566,5.870401176077394
260015.9563165274,0.01857207219725548,-0.1220929132296177,5.817961619174298
261818.3008218987,0.009183437904296998,-0.1195340540301662,5.793080607085187
263633.1385825381,0.01301855951307553,-0.1211792422628777,5.762853671635952
265460.5561975541,0.01602923841147143,-0.1182955715207486,5.720580971783193
267300.6408663313,0.01698508109226738,-0.1192999071750844,5.686040294944561
269153.4803926917,0.01482664635484265,-0.118850444345552,5.648328681448902
271019.1631890844,0.01322366503464607,-0.1166043142992041,5.603482315321571
272897.7782808042,0.00955408667632111,-0.1151227873709316,5.565867408109895
274789.4153102397,-0.001302007102801459,-0.1163390255927076,5.541886456902589
276694.1645411511,0.01006725555571956,-0.114731343718039,5.49941699836242
278612.116862977,0.01103164186628131,-0.1125002425678195,5.466376222970425
280543.3637951713,0.01125891772790047,-0.1150290145547676,5.425863485557642
282487.9974915707,0.009720607901642368,-0.1114487009430424,5.388401873434276
284446.1107447915,0.007750486645936773,-0.1123194310663825,5.347171556473313
286417.796990658,-0.001664919642835299,-0.1113866919891156,5.309320232519987
288403.1503126606,0.003331375740457806,-0.1098533949744522,5.270721208927199
290402.265446445,0.004231117130917442,-0.1086247724177413,5.234440574514565
292415.2377843335,0.005312705224314474,-0.1093856389585924,5.202792613130669
294442.1633798761,0.007214104292450168,-0.1106034113694858,5.165000788974801
296483.1389524342,0.004787329695278922,-0.1104040980080734,5.142464983554063
298538.261891796,-0.00909947797400841,-0.1058577704617839,5.110502631493105
300607.6302628231,-0.002628189244771331,-0.1072916783558202,5.081453294393871
302691.3428101306,0.003310218993816919,-0.1059327713316358,5.022194279423019
304789.4989627983,1.390445637444662e-05,-0.1061409856400365,5.002994278030066
306902.1988391157,-0.0005317351859803706,-0.1053594453756808,4.973407118909449
309029.5432513591,-0.0004531770189527276,-0.1054455865748729,4.938799884600533
311171.6337106018,-0.01633908754279878,-0.1027220102747443,4.900785433537564
313328.5724315585,-0.005582357956398354,-0.1017697809174765,4.872565436435607
315500.4623374626,-0.003508562084699846,-0.1042744222939107,4.83282368199135
317687.407064977,-0.003640718741895435,-0.1014306275508652,4.807426697469566
319889.5109691398,-0.004500165094139411,-0.101224145949151,4.777379422030791
322106.8791283434,-0.009160595537018951,-0.1012296613650582,4.740961789828589
324339.6173493492,-0.01205605107633169,-0.1006995783380462,4.719437537447789
326587.8321723358,-0.005582117778807001,-0.1005682262334975,4.676933946784374
328851.630875983,-0.00813643577777815,-0.09778299398636861,4.653353334200183
331131.121482591,-0.009278850975899096,-0.09946016046386372,4.627857335356126
333426.4127632349,-0.01023478960626765,-0.09918069994159018,4.591020557646775
335737.6142429546,-0.022291655042869,-0.0985699148395705,4.555103850785684
338064.8362059816,-0.01152899889360336,-0.09704017131070886,4.529091397502846
340408.1897010009,-0.009855824982897379,-0.09833154584141493,4.498488590384085
342767.7865464503,-0.009962626091225659,-0.09563824536726784,4.470506771323936
345143.7393358562,-0.01231078195376396,-0.09559564595639171,4.433217697886263
347536.1614432058,-0.02526197640870985,-0.09616989483139736,4.404881593454519
349945.1670283573,-0.01916417193549018,-0.09380488060853383,4.374288228296763
352370.8710424872,-0.01439014360305792,-0.09539074033035133,4.351974503551219
354813.3892335755,-0.0155568642848906,-0.0931110962008648,4.314083149267958
357272.8381519289,-0.01712471177714295,-0.09225361788400165,4.297527123204304
359749.3351557423,-0.02800287322812726,-0.0919487470462564,4.263259048864484
362242.9984166986,-0.02030115547365856,-0.09191440908894188,4.22774187964616
364753.9469256078,-0.01829868079524404,-0.09237537398851518,4.199422920355474
367282.3004980847,-0.01899808581936708,-0.09192432206774687,4.174148557599494
369828.1797802662,-0.02106359050463344,-0.09129070920083708,4.150734291797824
372391.7062545685,-0.03589349667537604,-0.09104763304397771,4.117087847339668
374973.0022454835,-0.02313426150455761,-0.09142909267156191,4.095735393434968
377572.1909254161,-0.02322203475990715,-0.08957320361859988,4.06807604719773
380189.3963205612,-0.02346350334967305,-0.09037409493683973,4.032667990539343
382824.7433168227,-0.02605796327086336,-0.08901980371135332,4.009657607946266
385478.3576657718,-0.03172971376553104,-0.08882244209701903,3.983567133864597
388150.3659906483,-0.02584240610029259,-0.08922566634066223,3.953606947072927
390840.895792402,-0.02649340398717717,-0.08826010454133773,3.932812583411447
393550.0754557775,-0.02784792266398281,-0.08740045881412252,3.903509289983361
396278.0342554395,-0.03842657161335784,-0.08780960574987771,3.873218737678343
399024.9023621421,-0.03040413790598825,-0.08679393186836606,3.853630683054021
401790.81084894,-0.03039856712916121,-0.08674465447080761,3.817658057286749
404575.8916974427,-0.02989854250178715,-0.08626102074403791,3.806972291513004
407380.2778041128,-0.03435362285969222,-0.08673621759953627,3.777988031983668
410204.1029866069,-0.03798246741406601,-0.08458871408247207,3.745561083739988
413047.5019901614,-0.03097545035850581,-0.08565182319028695,3.7176146362971
415910.6104940221,-0.03428385686846938,-0.08620896983848914,3.698972893664006
418793.5651179184,-0.03537768034208388,-0.08493414392525458,3.671134307327549
421696.5034285823,-0.04719393987263848,-0.0822995417314808,3.645507195661338
424619.5639463129,-0.03552266865476664,-0.08336326058864794,3.6281397042912
427562.8861515863,-0.03805730815543727,-0.083295753515541,3.598488447406289
430526.6104917107,-0.03824089391148314,-0.082050768343612,3.578596598930616
433510.8783875289,-0.05194322482730536,-0.08328703950288362,3.54950082582215
436515.832240166,-0.0383851754406211,-0.08196182592650746,3.526984179759864
439541.6154378246,-0.03948174450049795,-0.08309556564169818,3.502708974639404
442588.3723626267,-0.0414117787034066,-0.08156089438054781,3.478052594275649
445656.2483975033,-0.0577374131818183,-0.08085334207666403,3.46290480680679
448745.3899331322,-0.04257771529995334,-0.08124126763891971,3.433889158991491
451855.9443749224,-0.04300335031860354,-0.0812512471791301,3.409774330512397
454988.0601500487,-0.04524874536822001,-0.08036918772385004,3.388618470564666
458141.8867145336,-0.05576106590617903,-0.08057571765944604,3.372645863726511
461317.5745603795,-0.04597806423628486,-0.0791438632941994,3.347119003519907
464515.2752227496,-0.04632165404355956,-0.0793226518259549,3.31761784739308
467735.1412871983,-0.04915246077245114,-0.07770261868075642,3.296933349913957
470977.326396953,-0.05436722354098224,-0.07884782687317082,3.278437582911778
474241.9852602447,-0.04816919912400331,-0.07963674115712888,3.252419753705638
477529.273657691,-0.04912461646958687,-0.07922115594249141,3.234770187034613
480839.3484497286,-0.05526651899638772,-0.07690667772652854,3.205830844387492
484172.3675840995,-0.05368207781071065,-0.07823754750324219,3.188983054808858
487528.4901033865,-0.05220282442833135,-0.07728496604052225,3.16976170085681
490907.8761526032,-0.05325719853600464,-0.07667297580224673,3.1525468719218
494310.6869868356,-0.0717147500816971,-0.07659822908979882,3.124948895645844
497737.0849789361,-0.05587490524709805,-0.0767805368040039,3.109810680375688
501187.2336272725,-0.05509998127246056,-0.07739789482616649,3.082883158957401
504661.2975635285,-0.05757855841062907,-0.0757089797674705,3.066968735108546
508159.4425605607,-0.05795641359739787,-0.0772674203461675,3.045606301928913
511681.8355403079,-0.05731863344956261,-0.07642558313289824,3.016219172205567
515228.6445817567,-0.05834028815848268,-0.07611945215260973,3.00787336028262
518800.0389289613,-0.07376253568744906,-0.07721297402122787,2.978040567983655
522396.18899912,-0.0614158463592629,-0.07508128332815428,2.96177444641873
526017.2663907063,-0.06108117296979868,-0.074524827968222,2.949984327000749
529663.443891658,-0.06554676832358161,-0.07382522393544183,2.924761836249475
533334.8954876212,-0.06268670440058781,-0.07281142627018028,2.906723144592206
537031.7963702529,-0.06333465271527187,-0.07406763587150877,2.886529895634027
540754.3229455811,-0.06527763639516065,-0.07360421370384788,2.870095310150134
544502.6528424214,-0.0682072502571353,-0.07359796811045397,2.846487944059561
548276.964920854,-0.0662979520358918,-0.07286608426819054,2.829038889178975
552077.4392807576,-0.06508545323662818,-0.07181750292908766,2.807416699604378
555904.2572704038,-0.07779961221503025,-0.0724761709369213,2.795221971147754
559757.6014951103,-0.06646463728338038,-0.07327093854920139,2.772925848310308
563637.6558259546,-0.06739451455024908,-0.07234479327471795,2.755727397105957
567544.6054085473,-0.08473892046046494,-0.07304932112662052,2.734823321868856
571478.6366718672,-0.06887932436866062,-0.07309465336969159,2.719373110908577
575439.9373371572,-0.06933669658619658,-0.07178954631538664,2.705545431678757
579428.6964268812,-0.08156885856247563,-0.07225786635889647,2.690584965931009
583445.104273745,-0.07268310305422533,-0.07069967220852641,2.660083317305975
587489.352529777,-0.0727005469479589,-0.0719563301273239,2.648552085784956
591561.6341754742,-0.0844385518160258,-0.07027018723332376,2.634060975658429
595662.1435290107,-0.07521365653578574,-0.07042382987374693,2.609390203370346
599791.0762555096,-0.07340372095255875,-0.07061053698788375,2.59008456053558
603948.62937638,-0.08947174032516267,-0.06968592466787533,2.573858640846012
608135.0012787181,-0.07630418633831958,-0.06972068515851114,2.552930590288568
612350.3917247737,-0.07797661920867173,-0.070078895170162,2.542105172208522
616595.0018614824,-0.09272208839503181,-0.06968419909322375,2.525725867177584
620869.0342300638,-0.07895365417391666,-0.06972820115279769,2.511513798178781
625172.6927756862,-0.07909700743625182,-0.0697745709427026,2.490014602085971
629506.1828571978,-0.08881177226435492,-0.06935770352712241,2.476959318570401
633869.7112569272,-0.08102251303093835,-0.06941470656358034,2.464820838597973
638263.486190549,-0.08259489731399901,-0.06919345014117195,2.439660550323269
642687.7173170199,-0.08566139375043924,-0.06888481038563581,2.421117069447362
647142.6157485835,-0.08386588836712409,-0.06840122830744498,2.407863489750042
651628.3940608425,-0.08928779725951456,-0.06782386823475416,2.398907001055264
656145.2663029052,-0.08403758968730003,-0.06922805454220535,2.37207932398384
660693.4480075957,-0.08708095132790113,-0.06753118868258792,2.367359339186947
665273.1562017412,-0.1026235568659939,-0.06854138944585027,2.351112225164357
669884.6094165263,-0.08743595478473697,-0.06925272007046047,2.332524097207255
674528.0276979217,-0.08836365863814062,-0.06870940859685924,2.320888243721669
679203.6326171843,-0.09229567213062387,-0.06693691306455582,2.303311435196605
683911.6472814291,-0.09118742770879112,-0.06671868256861814,2.288234945829949
688652.2963442759,-0.09697169780552403,-0.0668379048425693,2.275125573723279
693425.8060165689,-0.09060554037986185,-0.06758886662320934,2.25995111817123
698232.4040771712,-0.09100119725922745,-0.06693564028507143,2.243965465372597
703072.3198838332,-0.09751222512036113,-0.06745382932728779,2.223776150783124
707945.7843841377,-0.09298541934401341,-0.06661450882972374,2.20834308236013
712853.0301265194,-0.0982342499633669,-0.06665210934090872,2.197556016000249
717794.2912713615,-0.09399495445339849,-0.0666184651838337,2.180497534895579
722769.8036021701,-0.09576365101219744,-0.06602189801272157,2.166775417327889
727779.8045368239,-0.1000808553124286,-0.06481355581067677,2.152188575401937
732824.5331389039,-0.09663851500034079,-0.0662161297880824,2.140666144961443
737904.2301291007,-0.1081369638016765,-0.06619539797600824,2.124143726705029
743019.1378967012,-0.09873994999933705,-0.06551583989202216,2.112159984362023
748169.5005111542,-0.09966757587032853,-0.06628490419824724,2.095022070940075
753355.5637337173,-0.1006666233541036,-0.06511775103976693,2.083115698263782
758577.5750291836,-0.1002967904126816,-0.06509913949183073,2.0703002954235
763835.7835776906,-0.1079712147276537,-0.06571268407175283,2.053980233019963
769130.4402866095,-0.1037817318478486,-0.06473847304285929,2.042672100895373
774461.7978025186,-0.1138663287563057,-0.0637536611186455,2.031197564125534
779830.1105232586,-0.1023087811723764,-0.06555723071809846,2.022161558678846
785235.6346100717,-0.1063314818803812,-0.06428315036669119,2.008362177676347
790678.6279998249,-0.1045228592944723,-0.0650091412182769,1.991530259872277
796159.3504173185,-0.1069622702981427,-0.06404376078582598,1.974084587674199
801678.0633876791,-0.1089732424246489,-0.06425175197676923,1.966744441573695
807235.030248838,-0.1073871989522775,-0.06437752053306053,1.94575804674497
812830.5161640991,-0.1147992638209022,-0.06411084810779731,1.93816359189492
818464.7881347897,-0.109931790247887,-0.06480919958346745,1.928100270913
824138.1150130022,-0.1254303732260631,-0.06331168512073984,1.917369641800448
829850.7675144223,-0.1131899893476687,-0.0630398780350999,1.899370622196187
835603.0182312479,-0.1212135626135306,-0.06279293118634739,1.885855812742349
841395.1416451951,-0.1128005359623834,-0.06417637623414657,1.875021724387338
847227.4141405963,-0.1193691110385522,-0.06338085406062907,1.864097825808052
853100.1140175894,-0.1136487258958492,-0.0634925417910995,1.850997354220269
859013.5215053956,-0.1177219576603406,-0.06290409701540262,1.838271880917212
864967.9187756933,-0.116991202570659,-0.06282708297861662,1.824211017905085
870963.5899560805,-0.1178808583735419,-0.06322482100765738,1.815984024608412
877000.8211436346,-0.1167277809647907,-0.06270966322277501,1.801745716122323
883079.9004185627,-0.1204201372111686,-0.06306144831148169,1.791346664052703
889201.1178579483,-0.1195085033294655,-0.06365978896546276,1.779426486570667
895364.7655495937,-0.1227455774587504,-0.06263405992015274,1.767000158031152
901571.1376059569,-0.1193944990705382,-0.06251229553092159,1.756930855985246
907820.5301781857,-0.1249290293226866,-0.06167613265906431,1.744169767367595
914113.2414702502,-0.1228608791807015,-0.06214118954621002,1.729151364699078
920449.5717531712,-0.1291876248665237,-0.06159181812015871,1.718423831009346
926829.8233793492,-0.1252011773751527,-0.06197548693901053,1.70799161661057
933254.300796991,-0.1352297127382044,-0.06123571665092108,1.699088393592149
939723.3105646378,-0.1246302895199757,-0.06243237706140467,1.684151430509743
946237.161365793,-0.1416866670383887,-0.06132606512060095,1.679004973378227
952796.1640236519,-0.1287182889105117,-0.06211925138695306,1.661639995659892
959400.6315159331,-0.1346222254441402,-0.06084314324161527,1.654613769581857
966050.8789898134,-0.1296644734068422,-0.06164017529101529,1.641823420186711
972747.2237769651,-0.1311618024456184,-0.06015485093499382,1.635875904640109
979489.9854086988,-0.1309393146143146,-0.06123062739239269,1.625156689687174
986279.4856312105,-0.1319767340512504,-0.06017733479778135,1.607219628236408
993116.0484209338,-0.1350598255756597,-0.06096496676623247,1.600774792723655
1000000,-0.13410729862294,-0.06118649350815222,1.59155185943888
