Frequency (Hz),Channel 2 Magnitude (dB),Channel 2 Phase (deg)
1000.000000000001,-0.02617133408116816,-2.272063716029969
1006.931668851806,-0.02640698363648532,-2.286776582201167
1013.91138573668,-0.02616194384738755,-2.303552594449513
1020.939483707681,-0.02656472991590355,-2.318213299331887
1028.016298126475,-0.026403268249346,-2.335630947885988
1035.142166679345,-0.02677978318049536,-2.350734332662384
1042.317429393305,-0.02713667822663956,-2.366795925631408
1049.542428652323,-0.02705445571039609,-2.382041529892419
1056.81750921366,-0.02717062065847325,-2.399201693062686
1064.143018224318,-0.02730434020483596,-2.416857838740469
1071.519305237607,-0.02774856968018793,-2.432141648256568
1078.94672222983,-0.02755575543148475,-2.448385239729603
1086.425623617067,-0.02749681021806372,-2.466078309232103
1093.956366272095,-0.02761277247270643,-2.481888411701206
1101.539309541416,-0.02790539054411429,-2.49957903398635
1109.174815262402,-0.02800142003301283,-2.516481393097138
1116.863247780562,-0.02818241879669327,-2.533977557009198
1124.604973966928,-0.02810970574776597,-2.551712947559764
1132.400363235558,-0.02828744170999434,-2.568321743983629
1140.24978756117,-0.02863619470654595,-2.586483079080161
1148.153621496884,-0.02845444706061561,-2.60502531753291
1156.1122421921,-0.0290270153451096,-2.621251324231309
1164.126029410492,-0.02892736060407883,-2.641191902401374
1172.195365548132,-0.02869015053924079,-2.658560512887519
1180.320635651731,-0.02915145233855683,-2.675688460915012
1188.50222743702,-0.02943292238257656,-2.694872251382179
1196.740531307244,-0.02959465304716347,-2.711968988008067
1205.035940371799,-0.02978873953845606,-2.731438397438268
1213.388850464979,-0.03001997994683853,-2.750384625458096
1221.799660164874,-0.03000932369824454,-2.770038676874776
1230.268770812382,-0.03018346752008775,-2.787846863668571
1238.79658653037,-0.03035870151703534,-2.807979821809067
1247.383514242945,-0.0306873598293237,-2.825693021008796
1256.029963694877,-0.03065249540026891,-2.84594752947908
1264.736347471152,-0.03082062040388794,-2.864956610321926
1273.503081016663,-0.03081986115481326,-2.884218005375004
1282.330582656023,-0.03118919924526047,-2.90357181666576
1291.219273613536,-0.03156641620960645,-2.924154283548923
1300.169578033291,-0.03131241222798503,-2.943447769789671
1309.181922999408,-0.03180722163796192,-2.963838045514763
1318.256738556409,-0.03200381998674404,-2.985072590155681
1327.394457729741,-0.03203847209244517,-3.005075157840777
1336.595516546443,-0.03237673950428877,-3.026115333873946
1345.86035405595,-0.03273879891036258,-3.046378647430968
1355.189412351038,-0.03298773911934718,-3.068267302148755
1364.583136588927,-0.03324167594763062,-3.088829934641041
1374.041975012516,-0.03340531685482849,-3.111384019510794
1383.566378971783,-0.03376528056028427,-3.131725113764001
1393.156802945305,-0.03376837471552021,-3.151973192237449
1402.81370456196,-0.03411060078924034,-3.17456061481667
1412.537544622755,-0.03431422957770732,-3.195141307200743
1422.328787122821,-0.03489158112193583,-3.217031017547455
1432.187899273545,-0.03456395380207018,-3.238998318530349
1442.115351524871,-0.03489661352026045,-3.260604512823818
1452.111617587743,-0.03522738634767881,-3.284146170626443
1462.17717445672,-0.03545765558074963,-3.306047161902086
1472.312502432721,-0.03556823686628361,-3.328716402398271
1482.518085145956,-0.03585393926864037,-3.351732430759725
1492.794409578997,-0.0359750002570231,-3.375111152180594
1503.141966090022,-0.03630329032427385,-3.398278406773287
1513.56124843621,-0.03648112342774641,-3.420891875728358
1524.052753797292,-0.03677722560567711,-3.443341245624936
1534.616982799296,-0.03702908133031294,-3.466437367173953
1545.254439538414,-0.03727604653273764,-3.491594950131912
1555.965631605077,-0.03756391314172525,-3.515717988306534
1566.75107010815,-0.03768293285012222,-3.539380156357566
1577.61126969935,-0.03787829885887731,-3.562850907013015
1588.546748597779,-0.03838439120134643,-3.587623443448805
1599.558028614671,-0.03885158590179724,-3.613041024518306
1610.645635178272,-0.03915768465027555,-3.637667911437003
1621.810097358931,-0.0392849524078158,-3.662832564143486
1633.051947894334,-0.03953261374183127,-3.688832238647279
1644.371723214932,-0.0397195804180258,-3.712607971737299
1655.769963469529,-0.04004302590090939,-3.737336743729173
1667.247212551064,-0.04047297313535228,-3.762451176890835
1678.804018122561,-0.04054157718196541,-3.790569762185299
1690.440931643265,-0.04090300089896127,-3.815541588000741
1702.158508394952,-0.04122770626164837,-3.84188670666957
1713.957307508427,-0.04143564149139652,-3.867804444403632
1725.837891990204,-0.04201671494436525,-3.894901304443664
1737.800828749376,-0.04216096452337843,-3.920150784303416
1749.846688624658,-0.04278407901838373,-3.947677122074833
1761.976046411631,-0.04311014508493281,-3.974856952311342
1774.189480890166,-0.04328680119035848,-4.001356813250567
1786.487574852052,-0.04404932662982071,-4.028179243133209
1798.870915128789,-0.04431705936997998,-4.057715962385345
1811.340092619604,-0.04474293959822451,-4.084943704842262
1823.895702319639,-0.04523346431149711,-4.113533567955869
1836.538343348347,-0.04561842186212653,-4.139713520636064
1849.26861897808,-0.04567781380460666,-4.168342436403023
1862.087136662869,-0.04615669483089423,-4.197831578274091
1874.994508067419,-0.04648286405705229,-4.226767460793567
1887.991349096294,-0.04700724289429504,-4.25512611231926
1901.078279923302,-0.04722318772731654,-4.284304929772162
1914.255925021088,-0.04777066542595342,-4.312618761027551
1927.524913190937,-0.04798669378926591,-4.343030555694765
1940.885877592779,-0.04840731156944485,-4.37334468367979
1954.339455775396,-0.04876426862980652,-4.402754510718324
1967.886289706847,-0.04940820247137583,-4.432779085173337
1981.527025805099,-0.04966511906750411,-4.462359929828608
1995.262314968881,-0.05013855751348015,-4.49310783285805
2009.09281260873,-0.05049906105787755,-4.525271816571795
2023.019178678274,-0.05111225874129751,-4.556056027668447
2037.042077705719,-0.05119142741208647,-4.586163470132874
2051.162178825567,-0.05161504174178295,-4.618586261614482
2065.380155810531,-0.05212795235769632,-4.64842776169175
2079.696687103698,-0.05249097914449108,-4.680743039646146
2094.112455850894,-0.05312108355335558,-4.713533430530134
2108.628149933291,-0.05348176854617289,-4.746379628521353
2123.244462000221,-0.05407766834639022,-4.777078403836356
2137.962089502235,-0.05432435042346959,-4.810253234472924
2152.781734724374,-0.05479834310358118,-4.842946241934811
2167.704104819696,-0.05543880366560832,-4.875756257615086
2182.729911843003,-0.05592004224385717,-4.910430638556335
2197.859872784828,-0.05640353247978337,-4.943006107905319
2213.094709605639,-0.05683051557917727,-4.976424923810569
2228.435149270305,-0.05745869723257749,-5.011878306693049
2243.881923782768,-0.05760020147076694,-5.046215525928318
2259.43577022098,-0.0580680298270744,-5.079501848849802
2275.097430772072,-0.05912179586839034,-5.114454088795966
2290.867652767774,-0.05967276218925267,-5.150520131948923
2306.747188720071,-0.05972441557496064,-5.184193980125844
2322.73679635711,-0.06040663699473735,-5.220426242602827
2338.837238659356,-0.06082582662619632,-5.255643154704934
2355.049283896011,-0.06146912356438634,-5.29273760513918
2371.373705661657,-0.06208505588820207,-5.329584015137442
2387.811282913181,-0.06283678508173979,-5.364888576646436
2404.362800006935,-0.06347851399426939,-5.40113350038888
2421.02904673618,-0.06349863177703986,-5.438665892631118
2437.810818368755,-0.06432544330690283,-5.475380834640248
2454.708915685034,-0.06482237598344096,-5.512734151198174
2471.724145016132,-0.06539015364006909,-5.550818973991451
2488.857318282393,-0.06612551731732062,-5.589428106893962
2506.109253032116,-0.06682660403151708,-5.626150004493738
2523.480772480578,-0.06734532172269289,-5.664507348452844
2540.972705549306,-0.06764894493005089,-5.704910804354185
2558.585886905648,-0.06849906861967615,-5.74398053672239
2576.321157002578,-0.06934239750738096,-5.782042028427959
2594.179362118818,-0.0698106004957523,-5.822545350292028
2612.161354399208,-0.07086760590467239,-5.861226653094178
2630.267991895385,-0.0711339262196836,-5.901547047229547
2648.500138606704,-0.07191032752120192,-5.941755182250333
2666.858664521483,-0.07261180561148714,-5.982820241700978
2685.344445658509,-0.07321645182110627,-6.024347011397808
2703.958364108846,-0.07380273787266281,-6.064628756214503
2722.701308077915,-0.07488348574356642,-6.106215280320194
2741.574171927887,-0.07523600587466939,-6.149141319591607
2760.577856220347,-0.07602309641420028,-6.190566245764487
2779.713267759291,-0.0769452745317994,-6.232621305567591
2798.981319634366,-0.0775991605470643,-6.274406061464127
2818.382931264458,-0.07840963059542251,-6.317703755318831
2837.919028441558,-0.0788887906741411,-6.359937938448603
2857.590543374949,-0.07941529551455875,-6.403547068805736
2877.398414735673,-0.08013399942454257,-6.447824580376164
2897.343587701328,-0.08149042797051162,-6.491472960816537
2917.427014001169,-0.08209637663902294,-6.535508561818546
2937.649651961533,-0.08294231300097356,-6.580255796497255
2958.01246655155,-0.08371088099635768,-6.62439857602584
2978.516429429194,-0.08490555873936141,-6.671205271123497
2999.162518987653,-0.08547651137618717,-6.716006359999867
3019.951720402019,-0.08621629544946408,-6.762463471456243
3040.885025676283,-0.08740828869565016,-6.807365049464011
3061.963433690682,-0.0881961108415924,-6.854681566214921
3083.187950249357,-0.08901067447833327,-6.902870693005141
3104.559588128359,-0.09029657340229905,-6.948972491557129
3126.079367123959,-0.09099936737574714,-6.99550925928791
3147.74831410132,-0.09190114077453693,-7.044433132064292
3169.567463043494,-0.09290342653662258,-7.09225795083532
3191.537855100765,-0.09398090796058987,-7.140491302455956
3213.660538640321,-0.09474227306759753,-7.188684600730255
3235.936569296288,-0.09565738953804021,-7.237919881898133
3258.36701002009,-0.0965044211673195,-7.287019972616974
3280.952931131191,-0.0975904364067262,-7.337573391095788
3303.695410368152,-0.09863828145522396,-7.386964543307094
3326.595532940047,-0.09971992333243071,-7.436888651727031
3349.65439157828,-0.1008351243696038,-7.487479061114739
3372.873086588689,-0.1017999083968077,-7.538124414562821
3396.252725904089,-0.1029324410285017,-7.590821094295833
3419.79442513709,-0.1045050761209743,-7.641306268651832
3443.499307633388,-0.1051513377661485,-7.69432303649468
3467.368504525317,-0.1062882520296988,-7.745392779532352
3491.403154785866,-0.1079395369227202,-7.798759647736972
3515.604405282983,-0.108816921797494,-7.850304881775642
3539.97341083435,-0.1101241677210612,-7.904528367086506
3564.511334262443,-0.1110773622299114,-7.958448631638468
3589.219346450057,-0.1126022802390825,-8.014943723231312
3614.098626396135,-0.1138874191704396,-8.067454359047247
3639.150361272074,-0.1149824821323034,-8.122181306222274
3664.375746478333,-0.1161791573396325,-8.177764550292224
3689.775985701508,-0.1174078788574149,-8.23335382918728
3715.352290971728,-0.1188356940103743,-8.291873449513677
3741.105882720537,-0.1201707060159531,-8.348023481108484
3767.037989839089,-0.1216165677754967,-8.402566950375871
3793.149849736825,-0.1229713372105089,-8.460919211533323
3819.442708400468,-0.1242011238118084,-8.519183476596304
3845.917820453539,-0.1254965421020093,-8.574300204452285
3872.576449216173,-0.1268375920057877,-8.634195758001823
3899.41986676544,-0.1286557753797226,-8.693142867558191
3926.449353996001,-0.1298513863633783,-8.752393271801608
3953.666200681283,-0.1313874821848999,-8.810823307074742
3981.071705534973,-0.1333267080142285,-8.869530282050235
4008.667176273034,-0.1343863352867561,-8.931877329191131
4036.453929676053,-0.136093233416143,-8.992288218444401
4064.433291652131,-0.1374947401627551,-9.052998244923501
4092.60659730011,-0.1389141887613565,-9.113213809693946
4120.975190973304,-0.1407845899568765,-9.175255486004577
4149.540426343632,-0.1422346230340199,-9.23818131804493
4178.303666466222,-0.1440751672690083,-9.29993305904955
4207.266283844442,-0.1453422378677809,-9.362831176643596
4236.429660495413,-0.1471056223812157,-9.426728709564955
4265.79518801593,-0.1490991557447196,-9.491526660576852
4295.364267648877,-0.1505811506108331,-9.556268981762443
4325.138310350088,-0.152439179063572,-9.620861939835557
4355.118736855688,-0.154239302169674,-9.685436624128755
4385.30697774986,-0.15587290094242,-9.749253942723826
4415.70447353313,-0.1580720005792642,-9.818747017817543
4446.312674691088,-0.1594274480230615,-9.883267207933628
4477.133041763627,-0.1615008524250957,-9.95059459986512
4508.167045414605,-0.1632757794348043,-10.01726894275264
4539.416166502037,-0.165237425107492,-10.08497839528536
4570.881896148752,-0.1672826442034151,-10.15304708887628
4602.565735813563,-0.1689022889034131,-10.22315186035341
4634.469197362884,-0.1707392794537631,-10.29027236120651
4666.593803142891,-0.1730931919904022,-10.36099083145504
4698.941086052156,-0.1753238949285834,-10.43135420943018
4731.512589614807,-0.1774970418636063,-10.50020872588125
4764.309868054161,-0.1790386375996747,-10.5703340101567
4797.334486366897,-0.1815053336971156,-10.64154586433593
4830.588020397728,-0.1832381210304731,-10.71469780479055
4864.07205691462,-0.1857042317403307,-10.78602997252407
4897.788193684466,-0.188295793288165,-10.86026139709626
4931.738039549365,-0.1907086840625065,-10.93209967699761
4965.923214503363,-0.1927367462280088,-11.00598937675134
5000.345349769788,-0.1950433177408881,-11.08151542269276
5035.006087879053,-0.1973002326559057,-11.15668189954124
5069.90708274705,-0.1997997493121136,-11.22820192797442
5105.049999754065,-0.2024373318137969,-11.3053835430205
5140.436515824264,-0.2046592724983411,-11.38299071438003
5176.068319505681,-0.2070640424704405,-11.45775177177597
5211.94711105081,-0.2096539842679815,-11.5351960916912
5248.074602497728,-0.2124900323830955,-11.61213073785105
5284.452517751808,-0.2144977073580569,-11.69136195846616
5321.082592667947,-0.2172892422779739,-11.76769040336174
5357.966575133422,-0.2197754115232165,-11.84562192383754
5395.106225151279,-0.2225724166536178,-11.92653367041213
5432.503314924335,-0.2257430676647946,-12.00729912667549
5470.159628939721,-0.2283746907962708,-12.08666433565597
5508.076964054041,-0.2309684124138714,-12.17028357915927
5546.25712957911,-0.2336410363824608,-12.25139231998874
5584.701947368312,-0.2367500174692329,-12.3330299993127
5623.413251903497,-0.2395059257884332,-12.41438349308515
5662.392890382534,-0.2422826982538589,-12.49764894025182
5701.642722807478,-0.2451201169948823,-12.58084385177246
5741.16462207328,-0.2480768602794701,-12.66413677179462
5780.960474057187,-0.251209967629328,-12.74864157225329
5821.032177708717,-0.2544611519416268,-12.83477765787123
5861.381645140291,-0.257467405100865,-12.91910632166979
5902.010801718448,-0.2604924331293488,-13.00722167502771
5942.921586155733,-0.2638051480700492,-13.09304297355426
5984.115950603198,-0.267081470598416,-13.17796603678555
6025.59586074358,-0.2706454863039005,-13.26714063504477
6067.363295885059,-0.2738885645119043,-13.35538679685887
6109.420249055726,-0.2772890521379227,-13.44417518914781
6151.768727098683,-0.2807816023900835,-13.53276830706722
6194.410750767818,-0.2841892262664125,-13.62261314337157
6237.348354824198,-0.2878502107242618,-13.71356893333292
6280.583588133187,-0.2912475184093927,-13.80349434646939
6324.118513762197,-0.2950692319324975,-13.89801710011993
6367.955209079162,-0.2987678212947932,-13.98750016616725
6412.095765851622,-0.3024575191688861,-14.07983934289499
6456.542290346562,-0.3062659128055097,-14.17432190831838
6501.296903430909,-0.3101382039822382,-14.26627257481442
6546.361740672754,-0.3139648989887657,-14.3602602910352
6591.738952443219,-0.3179407597693659,-14.45757880629741
6637.430704019096,-0.3219274927955805,-14.55157434109935
6683.439175686149,-0.3256240618538451,-14.64794799654146
6729.766562843181,-0.3301066191777956,-14.74612234263185
6776.415076106758,-0.3340560287389659,-14.84022933037814
6823.386941416704,-0.3378700803632558,-14.93961009445751
6870.684400142325,-0.3424669712574049,-15.03788397564784
6918.30970918937,-0.3465232220271963,-15.13584389095004
6966.265141107694,-0.3509970026858033,-15.23573542580934
7014.552984199721,-0.3553153467137102,-15.33485473495372
7063.175542629623,-0.3595187105035394,-15.43431780207399
7112.135136533296,-0.3641981516724658,-15.53696164258304
7161.43410212902,-0.3692212656081217,-15.63786566044483
7211.074791829004,-0.3731669647406114,-15.74194465369231
7261.059574351551,-0.3779922272022876,-15.84445342942874
7311.39083483418,-0.3824560131909853,-15.94800868778943
7362.070974947361,-0.3874411823260043,-16.05253753357201
7413.102413009185,-0.392371481609108,-16.15724136060467
7464.487584100669,-0.3974052730852231,-16.26431591781521
7516.228940182061,-0.4022878486304697,-16.36702000475978
7568.328950209743,-0.4073131061646512,-16.47388499882607
7620.79010025413,-0.4121943580931324,-16.58100937891721
7673.614893618193,-0.4177353789783145,-16.68928551725629
7726.805850957029,-0.4225090270805015,-16.79748390114887
7780.365510398041,-0.4278090947798716,-16.90670522158334
7834.296427662129,-0.433651485786575,-17.01579468321477
7888.601176185549,-0.4387707779047113,-17.12569937365351
7943.282347242821,-0.4445442105790919,-17.23718015835803
7998.342550070285,-0.4498113871289053,-17.34807424534732
8053.784411990678,-0.455944143720737,-17.46025948774763
8109.610578538413,-0.4614001863659699,-17.57272487422379
8165.823713585931,-0.4671076258946413,-17.684518472364
8222.426499470712,-0.4728037468122809,-17.80078896153537
8279.421637123352,-0.4790353208008549,-17.91391481946039
8336.81184619635,-0.4848850255039175,-18.02893434644844
8394.599865193981,-0.4913791822600844,-18.1463680183183
8452.788451602901,-0.497101973246561,-18.26010357685833
8511.380382023775,-0.503237275733404,-18.37962115784242
8570.378452303701,-0.5100794453773354,-18.49448396617035
8629.78547766971,-0.5160543854917742,-18.61298126348626
8689.60429286302,-0.522765740269844,-18.73405317165313
8749.837752274372,-0.5293850173200784,-18.8507161194906
8810.488730080147,-0.5355212965913023,-18.97294273634171
8871.560120379616,-0.5428233828741224,-19.09264382900867
8933.054837332955,-0.5499732511101642,-19.21306788038279
8994.975815300364,-0.5562479298792149,-19.33443143264891
9057.326008982007,-0.5631926688498533,-19.45880130916075
9120.108393559105,-0.5700819203939393,-19.58238984510047
9183.325964835811,-0.5777382839561552,-19.70693967136546
9246.98173938224,-0.5848697014277688,-19.8293715612527
9311.07875467831,-0.5922299528814654,-19.9524818331808
9375.620069258812,-0.59927264836875,-20.08246237443134
9440.608762859236,-0.6064387478763176,-20.20486241479461
9506.047936562829,-0.6143472093464687,-20.33297883047319
9571.940712948452,-0.6217010116441847,-20.46203383737577
9638.290236239714,-0.6299631054671385,-20.58942986593089
9705.099672454899,-0.6373559795822772,-20.71735294645919
9772.372209558122,-0.6454101863654376,-20.85105364286176
9840.111057611344,-0.6533990779951488,-20.97855926603506
9908.319448927685,-0.6615867676643667,-21.10949295743239
9977.000638225536,-0.669750112384402,-21.24058979602149
10046.15790278396,-0.6780425424101698,-21.37300389982411
10115.79454259899,-0.6862461457366338,-21.50674290741767
10185.91388054118,-0.6951540463750712,-21.63877224887051
10256.51926251408,-0.7031879125478184,-21.7736897468092
10327.61405761399,-0.711799457077479,-21.90968779314042
10399.2016582906,-0.7209123668925517,-22.04270657853021
10471.28548050901,-0.7296718346446357,-22.1791263802395
10543.86896391259,-0.7387690243870181,-22.31867781341633
10616.95557198726,-0.7481074309358542,-22.45441809060368
10690.54879222658,-0.7569654994070151,-22.59291384729782
10764.65213629836,-0.7661704126223139,-22.73107530891536
10839.26914021204,-0.7754055998571973,-22.86914221967634
10914.40336448757,-0.7851909054526993,-23.00867016386616
10990.05839432521,-0.794674838472017,-23.14840461144917
11066.23783977667,-0.8043703578761874,-23.29165673401161
11142.9453359173,-0.814542541730746,-23.43048044415755
11220.18454301964,-0.8246677625364565,-23.57424792249686
11297.95914672798,-0.834572777528506,-23.71984785445183
11376.27285823432,-0.844756809308857,-23.85993125975347
11455.12941445536,-0.8547066715294388,-24.00705358494241
11534.53257821093,-0.8652098883769442,-24.14982248371761
11614.48613840343,-0.8758683215303233,-24.29635075469456
11694.99391019872,-0.8860337507803441,-24.44373377489274
11776.05973520808,-0.8969689695111266,-24.58981686481444
11857.68748167161,-0.9080902468305054,-24.73420800028147
11939.88104464274,-0.9188604111802563,-24.88683645117004
12022.64434617414,-0.9300525112937085,-25.03416198813482
12105.98133550483,-0.941649452866379,-25.18341612219292
12189.89598924867,-0.9530667123906934,-25.33309795473457
12274.39231158408,-0.964251443101079,-25.48278375604113
12359.47433444511,-0.9760050883903597,-25.63494991157167
12445.14611771386,-0.9876193377108025,-25.7856138761306
12531.41174941417,-0.9998872767866032,-25.93994893818325
12618.27534590671,-1.011875154118788,-26.09276493372354
12705.74105208543,-1.02419524875766,-26.24472943785877
12793.81304157525,-1.036255422695408,-26.39955604806953
12882.49551693135,-1.048243447023137,-26.55576062136483
12971.79270983956,-1.061081203758054,-26.70980746726701
13061.70888131842,-1.073763428866932,-26.86560404605859
13152.24832192239,-1.086459515011408,-27.02322691241918
13243.41535194666,-1.099749451913324,-27.18083921956116
13335.21432163325,-1.112532314378331,-27.33783207311924
13427.64961137865,-1.125628056096052,-27.49705179298912
13520.72563194278,-1.139196661412119,-27.65453758668215
13614.44682465951,-1.152673653617995,-27.81467651281159
13708.81766164854,-1.165724697618163,-27.9756754209377
13803.84264602886,-1.179227035279499,-28.13611279525844
13899.52631213354,-1.193117899122602,-28.29759615220939
13995.87322572619,-1.207774966794737,-28.45723376606462
14092.88798421875,-1.221670005454282,-28.62124050623362
14190.57521689093,-1.23613142381447,-28.78523852038956
14288.93958511104,-1.250952543464734,-28.94691161506202
14387.98578255847,-1.265412022158663,-29.11297327227068
14487.71853544762,-1.280289554819721,-29.27600682773448
14588.1426027535,-1.294899224672585,-29.44237391718262
14689.26277643868,-1.310426142428113,-29.60623830110628
14791.08388168209,-1.325566476747861,-29.77528760922365
14893.61077710916,-1.340460673948583,-29.94138572701642
14996.84835502375,-1.355851107463821,-30.10856263998949
15100.80154164149,-1.371606294820288,-30.27541055824031
15205.47529732497,-1.387459219262458,-30.44390750519324
15310.87461682031,-1.40360308536266,-30.61242036950874
15417.00452949561,-1.420242670243924,-30.78238236976126
15523.87009958083,-1.436474326082178,-30.94847880374251
15631.47642640956,-1.452855304687865,-31.12325340890656
15739.82864466221,-1.468948732942471,-31.29082343231224
15848.93192461115,-1.485818136539982,-31.46779280322517
15958.79147236734,-1.502845269974733,-31.6376901689236
16069.41253012879,-1.519508203755368,-31.80871519975119
16180.80037643067,-1.536923586943896,-31.98594501233202
16292.96032639724,-1.554237016774202,-32.15275171294061
16405.8977319954,-1.571908701289603,-32.32902767881631
16519.61798229016,-1.58974584584308,-32.50243097963692
16634.12650370171,-1.608115132536145,-32.67690849419719
16749.42876026437,-1.625790186680904,-32.85376609037496
16865.53025388742,-1.643848481000185,-33.0268800829239
16982.43652461744,-1.662206023299512,-33.20548372339674
17100.15315090289,-1.681507013369986,-33.37916515491578
17218.68574986007,-1.699999604994582,-33.55646373930318
17338.03997754139,-1.718650246293508,-33.73476855793756
17458.22152920504,-1.737945268493717,-33.91382744928687
17579.23613958694,-1.757348365330794,-34.08839427902127
17701.08958317421,-1.777054007494602,-34.27055431958748
17823.78767448091,-1.79706960600104,-34.44907749173146
17947.33626832527,-1.816397899270207,-34.6267357686749
18071.74126010928,-1.836762717262596,-34.8059762513285
18197.00858609984,-1.856350533393209,-34.98959255097513
18323.14422371213,-1.876716576201974,-35.16923424897414
18450.15419179474,-1.897030570244031,-35.35253513588501
18578.044550917,-1.917286726675014,-35.53028073257364
18706.82140365801,-1.938961613268038,-35.71565499962787
18836.49089489802,-1.959591343074743,-35.89391198174344
18967.05921211146,-1.980914550011659,-36.0785706922228
19098.5325856624,-2.002435200510085,-36.25783285351514
19230.91728910159,-2.023931296792422,-36.44162831422871
19364.21963946609,-2.045332315473973,-36.62706419565227
19498.44599758046,-2.067780442627767,-36.8094839782183
19633.60276836048,-2.090272948983335,-36.99204176113441
19769.69640111861,-2.111898918740635,-37.17901400601426
19906.73338987188,-2.134361646735758,-37.35890806708944
20044.72027365162,-2.157551158251425,-37.54592909819064
20183.66363681563,-2.180048474647973,-37.73273786903644
20323.57010936222,-2.203526185103767,-37.9162677622399
20464.44636724676,-2.226733918971211,-38.1024922818557
20606.29913270001,-2.249775976822846,-38.28619720676056
20749.13517454912,-2.274172175860184,-38.47041194115171
20892.96130854039,-2.297549473467241,-38.65899185400328
21037.78439766477,-2.321057018721547,-38.84568141876872
21183.61135248502,-2.345210189727793,-39.03243383215857
21330.44913146578,-2.370136689804155,-39.22157552115333
21478.30474130534,-2.394847073680578,-39.40744041557588
21627.18523727022,-2.419462840861148,-39.59447275619087
21777.09772353159,-2.444493895870576,-39.77900440329488
21928.04935350451,-2.469474587607318,-39.96957478804872
22080.047330189,-2.495353937120284,-40.15700559295321
22233.09890651405,-2.520816957087861,-40.34385486991951
22387.2113856834,-2.546742554664987,-40.53692759688187
22542.39212152432,-2.57239733184241,-40.72068441859558
22698.64851883822,-2.59822496379841,-40.91137548567297
22855.98803375432,-2.624499378951058,-41.09808716026362
23014.41817408509,-2.651110791485261,-41.28647928831396
23173.94649968481,-2.677914519699065,-41.47578266921029
23334.58062281003,-2.704897279703289,-41.66506722334373
23496.3282084831,-2.73140938601372,-41.84981059243923
23659.19697485759,-2.758912113576873,-42.04236766165693
23823.19469358693,-2.786830648613959,-42.23349838197754
23988.32919019491,-2.814415645841603,-42.41986862119144
24154.60834444943,-2.842087212229118,-42.61022656490189
24322.04009073816,-2.86992023575437,-42.79812839149726
24490.63241844748,-2.898160597697759,-42.99192606691422
24660.3933723434,-2.926987277153735,-43.17899010516557
24831.33105295573,-2.955390350570653,-43.37204822470159
25003.45361696432,-2.983996287953026,-43.55590422290932
25176.76927758858,-3.013370593831659,-43.75346574440977
25351.28630497908,-3.043075609125792,-43.93572110549329
25527.01302661248,-3.072015305072924,-44.12472467089081
25703.95782768865,-3.102344874668584,-44.31681596049407
25882.12915153093,-3.131723708294976,-44.50578105486144
26061.53549998896,-3.161456116067909,-44.69379453178439
26242.18543384444,-3.191442127283611,-44.88368655705239
26424.08757321947,-3.222306368719417,-45.0738650209837
26607.25059798811,-3.252641454649893,-45.26497037821287
26791.68324819033,-3.283619292970179,-45.45387715459135
26977.39432444922,-3.314214502114677,-45.64185604920973
27164.39268839084,-3.34562136260287,-45.83113503548964
27352.68726306714,-3.377322823876285,-46.01879807366878
27542.28703338168,-3.408445171603748,-46.2057719766625
27733.20104651842,-3.440267351909701,-46.39554836015364
27925.43841237339,-3.472524038372998,-46.58466215128965
28119.00830398942,-3.504384963637079,-46.77520000825901
28313.9199579938,-3.53688564510394,-46.95980390224804
28510.18267503911,-3.568561990784274,-47.14736807125621
28707.80582024692,-3.601819501391081,-47.33578356200407
28906.79882365478,-3.63440550562673,-47.53013195930401
29107.17118066607,-3.667594720732797,-47.7151878921436
29308.93245250323,-3.701240679149303,-47.90285915894173
29512.09226666387,-3.735145708314675,-48.09215373106125
29716.66031738028,-3.768173014282001,-48.27619371968737
29922.64636608191,-3.802249445455518,-48.45938253208078
30130.06024186123,-3.836702515982804,-48.64814094898982
30338.91184194272,-3.871215865115036,-48.83700655739274
30549.21113215515,-3.905530236306046,-49.02121459762952
30760.9681474071,-3.940412001226977,-49.20682990191935
30974.19299216583,-3.974406687895972,-49.39386161475776
31188.89584093939,-4.009184623337732,-49.5778844315091
31405.0869387622,-4.04457092866332,-49.76611193433639
31622.77660168381,-4.080282018045371,-49.95030406830853
31841.97521726125,-4.116303657240459,-50.13192602939472
32062.69324505467,-4.151684294554819,-50.31380148082199
32284.94121712636,-4.188160553082508,-50.49743856428625
32508.72973854345,-4.223631822060212,-50.68547647276257
32734.06948788383,-4.261077772245665,-50.87105573695847
32960.97121774579,-4.296545584469202,-51.0532575860928
33189.44575526105,-4.333036869387524,-51.23734095575068
33419.50400261144,-4.370059040847882,-51.41781654333272
33651.15693754908,-4.405783066574723,-51.60568569018523
33884.41561392028,-4.443721183193379,-51.78080473277171
34119.29116219287,-4.481729092426217,-51.96103629552546
34355.79478998748,-4.519249763463992,-52.14497054697161
34593.9377826122,-4.557527101254032,-52.32431669336016
34833.7315036012,-4.595767195699508,-52.50753765429509
35075.18739525681,-4.632610097917595,-52.6864097225904
35318.31697919572,-4.671263099131927,-52.86575875685912
35563.13185689854,-4.709838296256821,-53.04971495791131
35809.64371026362,-4.748479159227865,-53.22723402010022
36057.86430216426,-4.788089576309893,-53.40757959448808
36307.80547701016,-4.826769752517526,-53.58385638635363
36559.47916131251,-4.866047910103234,-53.75971010515912
36812.89736425316,-4.905195986118588,-53.93874149760309
37068.07217825761,-4.944948222483246,-54.11995572636806
37325.01577957208,-4.985015507366237,-54.28898639494275
37583.74042884443,-5.024878599528816,-54.47491307553355
37844.25847170936,-5.064600364216164,-54.64396657721862
38106.58233937732,-5.105290467599812,-54.81474318709945
38370.7245492279,-5.144825729972192,-54.99192643119768
38636.69770540693,-5.185817333495661,-55.16331348408767
38904.51449942809,-5.225586876468968,-55.34494366112539
39174.18771077832,-5.267943229258974,-55.51522948478359
39445.73020752787,-5.309854161534768,-55.6879463567119
39719.15494694405,-5.350148755573462,-55.87153680051057
39994.47497610978,-5.3908984564122,-56.03107919714793
40271.70343254593,-5.431768736307003,-56.21124645990685
40550.85354483841,-5.474944717707379,-56.37896308336731
40831.93863326924,-5.51646729096778,-56.55558707897492
41114.97211045225,-5.558365055241982,-56.7175161892971
41399.96748197306,-5.600846450414445,-56.88767901316294
41686.93834703357,-5.642913597173036,-57.06116140373001
41975.89839910078,-5.686430878055227,-57.2275932882157
42266.86142656033,-5.728100918409186,-57.38976894560799
42559.84131337433,-5.770503879377244,-57.55359282200646
42854.85203974399,-5.813517703411053,-57.73071801517948
43151.90768277655,-5.856773462610652,-57.88683517949056
43451.02241715719,-5.899775431735785,-58.0533375235476
43752.21051582523,-5.943562278071215,-58.21827261280652
44055.48635065537,-5.988478685223354,-58.37712139949893
44360.86439314327,-6.030850109138952,-58.55617814253446
44668.35921509634,-6.075708074890232,-58.70363272110575
44977.98548932882,-6.119281238583203,-58.86225409755501
45289.75799036211,-6.164944392449677,-59.04101042881774
45603.69159512964,-6.20752844742375,-59.1947423913423
45919.80128368689,-6.252330801241416,-59.35190423634727
46238.10213992606,-6.296105623065643,-59.51450667831136
46558.60935229593,-6.341692048194614,-59.67118141762188
46881.33821452655,-6.385328767002871,-59.83071851454281
47206.30412635909,-6.431453455409882,-59.99253909130549
47533.52259428056,-6.475904553535297,-60.15598321572921
47863.00923226388,-6.521031784142522,-60.30931757871902
48194.77976251276,-6.566800718800604,-60.46722190623819
48528.85001621215,-6.611579112269488,-60.62186709939158
48865.23593428337,-6.655673617268727,-60.77767971943717
49203.95356814509,-6.70418803276818,-60.92854374786455
49545.01908047903,-6.750664385801256,-61.09070265523968
49888.44874600122,-6.795463993602249,-61.24487182774652
50234.25895223871,-6.841258216052371,-61.39527761548879
50582.4662003114,-6.887682479118253,-61.54853816264519
50933.08710571955,-6.935356815054168,-61.70180972973388
51286.13839913649,-6.981906846440918,-61.850988528869
51641.63692720711,-7.028352571220998,-62.00507779200736
51999.59965335159,-7.07471975299395,-62.14869217870141
52360.04365857504,-7.123016850235149,-62.29646365700037
52722.98614228227,-7.168894025813256,-62.45245340099569
53088.44442309884,-7.216007146871935,-62.60296049964647
53456.43593969716,-7.263933536583332,-62.74964672435885
53826.97825162884,-7.310612631662234,-62.89218514615722
54200.08904016238,-7.358163733172443,-63.04596876278404
54575.7861091271,-7.406593734039756,-63.19117925952987
54954.08738576245,-7.45488772004898,-63.33605137789274
55335.01092157368,-7.501268335353801,-63.48012900665586
55718.57489319298,-7.549958610592303,-63.61492381537259
56104.79760324706,-7.598679263108191,-63.76610040954045
56493.69748123025,-7.646505130260292,-63.90950968215418
56885.29308438416,-7.695287320793121,-64.04945296757614
57279.60309858293,-7.744200647791709,-64.19277046375393
57676.64633922509,-7.793419762462076,-64.32921700708414
58076.44175213121,-7.842480129571742,-64.47046113102377
58479.00841444809,-7.890237303943039,-64.6110293058274
58884.3655355589,-7.939439280676313,-64.74572696415001
59292.532458,-7.98689859652037,-64.88338648736851
59703.52865838369,-8.037186351967621,-65.02760725008409
60117.37374832782,-8.085998071973073,-65.16237527855327
60534.08747539136,-8.13643049295105,-65.2974416186529
60953.68972401693,-8.184585639415751,-65.43470679097391
61376.20051647942,-8.234841614529257,-65.57039503062242
61801.64001384161,-8.284966981109216,-65.70235004299934
62230.02851691595,-8.33413209320619,-65.827456000959
62661.38646723355,-8.384534458986986,-65.96802185970978
63095.73444801933,-8.434290115833424,-66.10041588166466
63533.09318517439,-8.484362939870435,-66.23388767029394
63973.48354826482,-8.534900722869347,-66.35563404747541
64416.92655151775,-8.584502026605678,-66.49611950673983
64863.44335482384,-8.636170654392297,-66.62239117267708
65313.05526474726,-8.68474907607861,-66.74541661471682
65765.78373554205,-8.735185763579166,-66.88195357905413
66221.65037017621,-8.786362043908134,-67.00235807244644
66680.67692136222,-8.837966419077631,-67.13699304332351
67142.88529259527,-8.886394062206493,-67.258376306293
67608.29753919819,-8.936614225427251,-67.39294510365238
68076.93586937418,-8.991107367432363,-67.51829100515725
68548.82264526616,-9.041503519037363,-67.63210057303866
69023.98038402422,-9.091784057235376,-67.76120434395256
69502.4317588797,-9.143089230213029,-67.88802573736049
69984.19960022738,-9.195398181170617,-68.01138741681692
70469.30689671471,-9.246353900624486,-68.13263599462557
70957.77679633891,-9.296583906254,-68.24705998993085
71449.63260755134,-9.350020633752795,-68.36309860709173
71944.89780036999,-9.40188507066461,-68.47707400788428
72443.59600749903,-9.452991684925527,-68.60950733277988
72945.75102545691,-9.504238924518635,-68.72591482976333
73451.38681571151,-9.55721610565069,-68.8398613012877
73960.52750582382,-9.607091018907418,-68.96243025388453
74473.19739059891,-9.661821603298799,-69.08082495687083
74989.42093324562,-9.711118937175952,-69.19488911036055
75509.22276654342,-9.764998419689107,-69.32003490092126
76032.62769401823,-9.817112823169422,-69.42499425107741
76559.66069112565,-9.868168072785449,-69.5396512731409
77090.34690644305,-9.922315823220012,-69.65109636549433
77624.71166286919,-9.972788640745749,-69.76593648276335
78162.780458833,-10.02637352523457,-69.87654502417121
78704.57896950988,-10.08002021252174,-69.98530266496452
79250.13304804722,-10.13376195557993,-70.10019258175919
79799.46872679768,-10.18505249023696,-70.21414369786731
80352.61221856177,-10.23734709331221,-70.32744895420893
80909.58991783825,-10.29118423402524,-70.42672453330201
81470.428402084,-10.34515330625471,-70.54163692789052
82035.15443298186,-10.3984036633077,-70.65065018396164
82603.79495771791,-10.4484666901539,-70.74723510758713
83176.37711026713,-10.50481186068394,-70.85542816228656
83752.9282126883,-10.55807807983249,-70.96131078945768
84333.47577642757,-10.61025774052907,-71.07198225721885
84918.04750363145,-10.66369470085484,-71.17906390247214
85506.67128846837,-10.71658788586901,-71.28457484784386
86099.37521846012,-10.77023112557439,-71.38491584874657
86696.18757582171,-10.82322661644686,-71.47856917236885
87297.13683881122,-10.87791656525007,-71.59076363756736
87902.25168308846,-10.93166791337359,-71.69470703961554
88511.5609830836,-10.985266207039,-71.79766402195253
89125.09381337459,-11.04010161002485,-71.89083735566375
89742.87945007491,-11.09271014924414,-71.99971788105023
90364.94737223018,-11.14718945504825,-72.08815090427807
90991.32726322522,-11.20150449038143,-72.19910416490727
91622.04901220002,-11.25532394403006,-72.2897788580847
92257.14271547638,-11.30991685406342,-72.38838879145734
92896.63867799367,-11.3639133065178,-72.48289384214524
93540.56741475526,-11.41905802207067,-72.58516646592706
94188.95965228417,-11.47462012633951,-72.687836134516
94841.84633008979,-11.527802198396,-72.75890137074114
95499.25860214364,-11.58175171225673,-72.8667564058172
96161.22783836653,-11.63433266631621,-72.96056505727455
96827.78562612495,-11.68955901674627,-73.06520271754047
97498.96377173877,-11.74437106773138,-73.15278833652174
98174.7943019985,-11.79943423124299,-73.23632067645694
98855.30946569396,-11.854151575886,-73.34356582139466
99540.54173515274,-11.9096173617193,-73.43975371713113
100230.52380779,-11.96477668855412,-73.52114805168884
100925.2886076685,-12.01488220989191,-73.60608481639832
101624.8692870696,-12.07209288825796,-73.71312825968219
102329.2992280755,-12.1284562801196,-73.78709538297608
103038.6120441617,-12.18244240191189,-73.86988069590907
103752.8415818013,-12.23575736268289,-73.95306846202902
104472.0219220801,-12.2910389804619,-74.03786331362485
105196.1873823224,-12.34688716303662,-74.13790990145253
105925.3725177289,-12.40052712326537,-74.22867295269972
106659.6121230258,-12.45728280476924,-74.29059869547905
107398.9412341245,-12.51246508205576,-74.39890857175887
108143.3951297939,-12.56917506616272,-74.47907684808261
108893.0093333434,-12.62336435827681,-74.552837313053
109647.8196143186,-12.67778165098191,-74.63165590348248
110407.8619902074,-12.73316202382597,-74.73938219911875
111173.1727281592,-12.78976098963641,-74.82133015324848
111943.7883467152,-12.84656519051902,-74.88654534375178
112719.7456175511,-12.90292767946106,-74.96986931691919
113501.0815672316,-12.96000311565347,-75.0747972699063
114287.8334789772,-13.01120083672814,-75.14384705434831
115080.0388944437,-13.0701694085628,-75.21457998124357
115877.7356155126,-13.12278241741742,-75.29192705271853
116680.9617060962,-13.18186381741778,-75.36286698614845
117489.7554939529,-13.23472049954389,-75.43880725803015
118304.1555725165,-13.29091900156167,-75.54605845324549
119124.2008027375,-13.34901388626936,-75.59259984110194
119949.9303149379,-13.40422808998023,-75.68175174439877
120781.383510678,-13.4589541133092,-75.76037723715315
121618.6000646368,-13.51199555944131,-75.83500308407379
122461.6199265049,-13.56895902047156,-75.91671763854906
123310.4833228909,-13.62618473109609,-75.98292336104814
124165.2307592411,-13.68357134533698,-76.05806041759702
125025.903021772,-13.73996552556143,-76.12326752167127
125892.5411794167,-13.79482394033028,-76.20994989761304
126765.1865857846,-13.84898476316222,-76.28187731903195
127643.8808811344,-13.90806837043195,-76.34302476979305
128528.6659943616,-13.96488414921233,-76.43421490879182
129419.5841449986,-14.02101637958943,-76.48435650405509
130316.6778452299,-14.07512893361076,-76.56000124324467
131219.9899019203,-14.13222975572564,-76.61381721105187
132129.5634186575,-14.18900670626214,-76.70269846421142
133045.4417978091,-14.24514963172442,-76.77946261218236
133967.6687425935,-14.29976095469982,-76.83998980386896
134896.2882591654,-14.35782990844255,-76.92060885591242
135831.3446587154,-14.41501045013237,-76.98290183073595
136772.8825595849,-14.47083088957132,-77.05128616909047
137720.9468893947,-14.52726794448396,-77.11685292088086
138675.5828871889,-14.58423681460973,-77.17611742868118
139636.8361055938,-14.63852523898592,-77.23735410555499
140604.7524129914,-14.69649277608658,-77.30870956578448
141579.3779957082,-14.75480083239867,-77.35963713521954
142560.7593602188,-14.80707668420909,-77.43147918730097
143548.9433353656,-14.86524806593378,-77.49920087493608
144543.9770745928,-14.92342455668532,-77.55248111721926
145545.9080581966,-14.97812320170217,-77.6220910855929
146554.7840955912,-15.03692088943282,-77.70842012931384
147570.6533275894,-15.09560301409607,-77.72533841937684
148593.5642287007,-15.14801262691227,-77.81539936485842
149623.5656094434,-15.20697984792744,-77.89938967927102
150660.7066186742,-15.26296301709894,-77.94292403042043
151705.0367459337,-15.32024731163829,-77.98861910199589
152756.6058238073,-15.37458759868126,-78.05815421429503
153815.4640303035,-15.43464546346446,-78.11393429078787
154881.6618912482,-15.49401127643463,-78.17868788901126
155955.2502826954,-15.54829848484411,-78.23111180658145
157036.2804333553,-15.60590468169235,-78.28733783220616
158124.8039270383,-15.65910621122683,-78.33169794773295
159220.872705117,-15.71650763011949,-78.39837320894466
160324.5390690042,-15.77770653412524,-78.46870799329901
161435.8556826487,-15.83412473147569,-78.51021987009172
162554.8755750484,-15.89041742868627,-78.57553804617342
163681.6521427809,-15.94473249716149,-78.61974408511372
164816.2391525509,-16.00267523179652,-78.70255873182575
165958.6907437561,-16.05958392400188,-78.74102284192196
167109.0614310708,-16.11839761795482,-78.79821184052247
168267.4061070468,-16.1716074543752,-78.84595975576569
169433.7800447328,-16.2327501624927,-78.90291917871204
170608.2389003124,-16.29108576719922,-78.95966995316338
171790.8387157588,-16.3497287601031,-79.02764443856584
172981.6359215102,-16.40639735719479,-79.06689402829679
174180.6873391614,-16.45969446040721,-79.12420416619503
175388.0501841762,-16.51520661098003,-79.17313019979221
176603.7820686165,-16.57553348770391,-79.21333952060837
177827.9410038923,-16.63298369638487,-79.27696232104486
179060.5854035295,-16.6894243375196,-79.32890641019009
180301.7740859569,-16.74453643976528,-79.38365641312369
181551.5662773136,-16.80535467327774,-79.42872625730458
182810.0216142743,-16.86119789124998,-79.46631582550577
184077.2001468956,-16.91917817905224,-79.52899143321673
185353.1623414812,-16.97729138854111,-79.57927874210634
186637.9690834671,-17.0326677282358,-79.61329727116265
187931.6816803269,-17.09227561124113,-79.66634533323388
189234.3618644976,-17.14718600547077,-79.72182845858165
190546.0717963248,-17.20616304677372,-79.73352608543348
191866.874067029,-17.26475430898192,-79.81847620599621
193196.8317016925,-17.31773460691216,-79.85861451414289
194536.0081622663,-17.37618999505529,-79.90666642555247
195884.4673505991,-17.43875699256843,-79.93216745766654
197242.2736114854,-17.49563509475562,-80.00703926643425
198609.4917357372,-17.5562009089433,-80.03873420120551
199986.1869632745,-17.61296732177457,-80.08234965932668
201372.4249862389,-17.6730235282876,-80.07898566488078
202768.2719521283,-17.72619418578783,-80.14681465239985
204173.794466953,-17.78596273792124,-80.19060421417146
205589.0595984143,-17.84555719498509,-80.25101524659934
207014.1348791043,-17.89932006723724,-80.28743813722826
208449.088309729,-17.95517524310416,-80.35392291631989
209893.9883623525,-18.01408596191772,-80.36400114150938
211348.9039836648,-18.07277740517231,-80.42318557649526
212813.9045982713,-18.13018151481674,-80.43830428286273
214289.0601120059,-18.18670402016901,-80.49575724876071
215774.4409152667,-18.24482584128062,-80.53903092400141
217270.1178863745,-18.29989299089745,-80.55987465890749
218776.1623949553,-18.36541023746787,-80.60805387676432
220292.6463053457,-18.41539870329622,-80.67446348010856
221819.641980022,-18.4731643410502,-80.72929226581016
223357.2222830533,-18.53003785090283,-80.75460559362853
224905.4605835782,-18.5942827839338,-80.74325980648439
226464.4307593061,-18.65299636909339,-80.78548409273161
228034.2072000419,-18.70622065999173,-80.8934875689705
229614.8648112363,-18.76511534841422,-80.90705432488424
231206.4790175596,-18.8219016751027,-80.94480492181945
232809.1257665009,-18.88715945643996,-80.99457444171236
234422.8815319923,-18.93863066927945,-81.02039954335342
236047.8233180578,-18.99476057846104,-81.02221811349517
237684.0286624878,-19.05411245133687,-81.10735304074103
239331.5756405389,-19.11305603521428,-81.12999219625253
240990.5428686596,-19.16930948975555,-81.17142312716049
242661.0095082417,-19.23484021702337,-81.18518089416655
244343.0552693973,-19.28770842148555,-81.20385384376507
246036.7604147629,-19.34457324133083,-81.29650270053526
247742.2057633287,-19.40055975665385,-81.29592062424763
249459.4726942956,-19.45366786976402,-81.30182145451613
251188.6431509582,-19.52164751455737,-81.39445455716577
252929.7996446146,-19.57284937935043,-81.40969112007781
254683.0252585042,-19.63406083132856,-81.44175496917128
256448.4036517719,-19.69235384563994,-81.43548015211132
258226.0190634598,-19.75050183533666,-81.50788856143411
260015.9563165274,-19.80708324385867,-81.50699601058889
261818.3008218987,-19.8593415170447,-81.53325475200225
263633.1385825381,-19.91885423387385,-81.57560853520351
265460.5561975541,-19.97932054690064,-81.62282343456607
267300.6408663313,-20.0359891817373,-81.66063187666542
269153.4803926917,-20.09714190505619,-81.69624946273495
271019.1631890844,-20.14910019533257,-81.70858706846172
272897.7782808042,-20.21662440007857,-81.75822850964815
274789.4153102397,-20.27093890223442,-81.76745257926542
276694.1645411511,-20.330957717986,-81.80416014798718
278612.116862977,-20.38641101337299,-81.86154469703771
280543.3637951713,-20.44887819623358,-81.85287824030516
282487.9974915707,-20.50194825210928,-81.91864780560763
284446.1107447915,-20.56042025644143,-81.97383232401512
286417.796990658,-20.6177913005064,-81.94822448127843
288403.1503126606,-20.68423425373634,-81.99870070486831
290402.265446445,-20.73098964540002,-82.02201519234745
292415.2377843335,-20.79490042657797,-82.02404939524368
294442.1633798761,-20.84732350785034,-82.08182397027787
296483.1389524342,-20.905648005548,-82.12851217829183
298538.261891796,-20.95977953209838,-82.17192879270375
300607.6302628231,-21.02057543844051,-82.11754170276532
302691.3428101306,-21.08335633817149,-82.18144428517959
304789.4989627983,-21.13495499362206,-82.20571889091224
306902.1988391157,-21.20329232483007,-82.16626637476723
309029.5432513591,-21.25289966530914,-82.29095882697243
311171.6337106018,-21.31484404166774,-82.28344398627279
313328.5724315585,-21.37611233412391,-82.28048636129678
315500.4623374626,-21.43506552250634,-82.36417928244629
317687.407064977,-21.48530579682969,-82.3326211427725
319889.5109691398,-21.54544213065984,-82.43111237005547
322106.8791283434,-21.6009386185584,-82.37146529602137
324339.6173493492,-21.66044469510166,-82.40019805853598
326587.8321723358,-21.71959509640848,-82.44767260776038
328851.630875983,-21.77650571887675,-82.45816200714735
331131.121482591,-21.84759881504431,-82.51417779625957
333426.4127632349,-21.89409058775344,-82.49586556484596
335737.6142429546,-21.95973116821756,-82.51850226010302
338064.8362059816,-22.00798025115975,-82.58924060305459
340408.1897010009,-22.07181890608126,-82.61401927519182
342767.7865464503,-22.12266516993839,-82.62667277613961
345143.7393358562,-22.18892846313201,-82.66101580072686
347536.1614432058,-22.23412577852492,-82.66624652223278
349945.1670283573,-22.30633587771212,-82.68042595689165
352370.8710424872,-22.35592015553765,-82.72237364998708
354813.3892335755,-22.4194200284761,-82.68304691503482
357272.8381519289,-22.47767784141228,-82.72124675161139
359749.3351557423,-22.53460583338605,-82.74348319601637
362242.9984166986,-22.59767212590168,-82.79240137462534
364753.9469256078,-22.64703245819492,-82.82022463834922
367282.3004980847,-22.70880992529896,-82.83178480655749
369828.1797802662,-22.76288084638107,-82.83747775108134
372391.7062545685,-22.82389987636033,-82.83065723181944
374973.0022454835,-22.87810103969854,-82.84566522353396
377572.1909254161,-22.94228533075544,-82.8727626895724
380189.3963205612,-22.99725380394364,-82.903546423028
382824.7433168227,-23.0535033378405,-82.94867386425794
385478.3576657718,-23.11502760218204,-82.90372809797586
388150.3659906483,-23.17044126200392,-82.98809017354969
390840.895792402,-23.22840953242965,-82.96504211577845
393550.0754557775,-23.2919128837253,-82.97215698174384
396278.0342554395,-23.34564388513625,-83.02447572566507
399024.9023621421,-23.39945340661897,-82.97267730146039
401790.81084894,-23.46071904379295,-83.04348696342504
404575.8916974427,-23.52791043316261,-83.05762500909715
407380.2778041128,-23.58215333473417,-83.09592208480106
410204.1029866069,-23.63806325680094,-83.08687110638243
413047.5019901614,-23.70019176379184,-83.10706509018812
415910.6104940221,-23.74887330008217,-83.11471122826531
418793.5651179184,-23.81212934532044,-83.09278991667823
421696.5034285823,-23.88241914230434,-83.1982208803163
424619.5639463129,-23.92872421229166,-83.14180835548153
427562.8861515863,-23.98662802011517,-83.18189658029242
430526.6104917107,-24.04382672767365,-83.1782242257665
433510.8783875289,-24.10266001924709,-83.17372519647526
436515.832240166,-24.15357415557956,-83.23306071280051
439541.6154378246,-24.21378573052588,-83.21531266139868
442588.3723626267,-24.27894321657509,-83.24301377874531
445656.2483975033,-24.33588933942507,-83.25736387350463
448745.3899331322,-24.39128773927277,-83.2755854222189
451855.9443749224,-24.45010119170883,-83.2779821221017
454988.0601500487,-24.50913395542138,-83.3105797439253
458141.8867145336,-24.57095600883948,-83.32931903663533
461317.5745603795,-24.63477097710568,-83.31859970158277
464515.2752227496,-24.68230745612205,-83.35472619908022
467735.1412871983,-24.74212297501973,-83.370820146574
470977.326396953,-24.81042855693636,-83.3920794963488
474241.9852602447,-24.86246138869328,-83.39082721803308
477529.273657691,-24.92028942651616,-83.40704949083464
480839.3484497286,-24.97129744577423,-83.36532277893799
484172.3675840995,-25.03206949329035,-83.38672399698893
487528.4901033865,-25.08285873509284,-83.39180703827438
490907.8761526032,-25.15021833144443,-83.46788533243188
494310.6869868356,-25.2119607948901,-83.4375652979594
497737.0849789361,-25.26920493337448,-83.38459691070102
501187.2336272725,-25.32430656517903,-83.44602635501603
504661.2975635285,-25.37465399992589,-83.47160803056823
508159.4425605607,-25.44911593755666,-83.49516590193917
511681.8355403079,-25.5013263057191,-83.43983228321862
515228.6445817567,-25.56732189082296,-83.51966469555457
518800.0389289613,-25.618013655965,-83.5249229804913
522396.18899912,-25.68008260094825,-83.4959602879746
526017.2663907063,-25.73882823440827,-83.50192114998654
529663.443891658,-25.793596050809,-83.50174546587121
533334.8954876212,-25.85210994682484,-83.52089463905754
537031.7963702529,-25.9099188732018,-83.52500774927539
540754.3229455811,-25.96699738138044,-83.54845649754144
544502.6528424214,-26.02865789728351,-83.55498930547745
548276.964920854,-26.08297193360711,-83.55676283706919
552077.4392807576,-26.14192072999636,-83.59776637946294
555904.2572704038,-26.19759127595531,-83.58621472042876
559757.6014951103,-26.25581677850422,-83.63383721724358
563637.6558259546,-26.31957776045422,-83.54663862202221
567544.6054085473,-26.37396037444059,-83.56261338129401
571478.6366718672,-26.43567918280662,-83.60800578110056
575439.9373371572,-26.49103497179438,-83.64245288930795
579428.6964268812,-26.54765871687304,-83.63179677742013
583445.104273745,-26.6064724221631,-83.67710623741687
587489.352529777,-26.66110342675651,-83.65311200084555
591561.6341754742,-26.72079276308745,-83.59528102453169
595662.1435290107,-26.77972401566384,-83.64038116783907
599791.0762555096,-26.84734997816813,-83.59785732756797
603948.62937638,-26.90248430401715,-83.64866703747333
608135.0012787181,-26.95466731215669,-83.64080515381089
612350.3917247737,-27.0082305087124,-83.69949923152343
616595.0018614824,-27.07321327344527,-83.7133922187777
620869.0342300638,-27.13594551404586,-83.6708693263916
625172.6927756862,-27.18610089510533,-83.71080764482622
629506.1828571978,-27.25038820473124,-83.70256143597034
633869.7112569272,-27.30922015324683,-83.71570539335113
638263.486190549,-27.36063180313321,-83.63607462380173
642687.7173170199,-27.42180354141072,-83.65876927353844
647142.6157485835,-27.48105941587792,-83.65886790927334
651628.3940608425,-27.54008583251345,-83.68271738866773
656145.2663029052,-27.60014691677502,-83.67983542869061
660693.4480075957,-27.65795820326303,-83.68719562516893
665273.1562017412,-27.71719414926494,-83.68429999019875
669884.6094165263,-27.7744212276001,-83.66227873827808
674528.0276979217,-27.82649245101656,-83.69402789262081
679203.6326171843,-27.8865563829477,-83.69923591390301
683911.6472814291,-27.93785628109942,-83.65148635957073
688652.2963442759,-28.0063702904092,-83.70282239994773
693425.8060165689,-28.06289207648909,-83.7398568049715
698232.4040771712,-28.10985355268969,-83.73791121058132
703072.3198838332,-28.18074101628092,-83.7168577857442
707945.7843841377,-28.23523633904763,-83.73878527139861
712853.0301265194,-28.29854759934341,-83.70675523617129
717794.2912713615,-28.35093947861276,-83.78911326899778
722769.8036021701,-28.40943979524651,-83.67119900430617
727779.8045368239,-28.46846658918248,-83.65839163742299
732824.5331389039,-28.52856446573551,-83.67982403705912
737904.2301291007,-28.58760378805905,-83.71821403675767
743019.1378967012,-28.64972716482772,-83.67787398317171
748169.5005111542,-28.69760363422685,-83.70056614668914
753355.5637337173,-28.75802077170902,-83.72407471635927
758577.5750291836,-28.82150693588049,-83.68660813694356
763835.7835776906,-28.88450011078276,-83.71589403515567
769130.4402866095,-28.94285378924147,-83.73096357245281
774461.7978025186,-28.99293069012293,-83.67864716769539
779830.1105232586,-29.05805787005624,-83.70599498627786
785235.6346100717,-29.11000410729338,-83.70214890168647
790678.6279998249,-29.16430038031851,-83.67633064734252
796159.3504173185,-29.23153626302778,-83.71086761416512
801678.0633876791,-29.28167840719579,-83.65018527917131
807235.030248838,-29.34889027951786,-83.6318736714221
812830.5161640991,-29.4045498612993,-83.68383974919765
818464.7881347897,-29.45740599439985,-83.73141520023368
824138.1150130022,-29.52763419155986,-83.69454533734094
829850.7675144223,-29.58236860693237,-83.6971704423828
835603.0182312479,-29.64007777596217,-83.70690297275104
841395.1416451951,-29.7016101339845,-83.672145811289
847227.4141405963,-29.76029801813657,-83.64868596211259
853100.1140175894,-29.80955827735035,-83.62625724614534
859013.5215053956,-29.86363678174148,-83.65214207900434
864967.9187756933,-29.93819179343359,-83.60884210671321
870963.5899560805,-29.99165354658902,-83.63945933436176
877000.8211436346,-30.0426615769856,-83.7151261645302
883079.9004185627,-30.09482590040867,-83.65657594969734
889201.1178579483,-30.17041119733261,-83.62569475802687
895364.7655495937,-30.22602467484073,-83.64980674122604
901571.1376059569,-30.28182873852199,-83.60023542075635
907820.5301781857,-30.33589059279623,-83.58366420835334
914113.2414702502,-30.41045119200066,-83.58559273946899
920449.5717531712,-30.45502842483291,-83.59332244785116
926829.8233793492,-30.51144669267048,-83.5178805262488
933254.300796991,-30.5631575492598,-83.58881922457351
939723.3105646378,-30.63476630140566,-83.59773884038343
946237.161365793,-30.68536005369848,-83.60625996412634
952796.1640236519,-30.75091030217676,-83.5738486796003
959400.6315159331,-30.81130412095622,-83.63169992301781
966050.8789898134,-30.86386975909859,-83.52295665361018
972747.2237769651,-30.91490622962458,-83.54101657569936
979489.9854086988,-30.98165699415684,-83.50228201630229
986279.4856312105,-31.0360817743768,-83.54786708426317
993116.0484209338,-31.09595907327725,-83.52561192826536
1000000,-31.14654091951648,-83.4397339514607
